Normal Train SISNR,Normal Test SISNR,Normal Train CL Loss,Normal-few Train SISNR,Normal-few Test SISNR,Normal-few Train CL Loss,SimSiam Train SISNR,SimSiam Test SISNR,SimSiam Train CL Loss,SimSiam-few Train SISNR,SimSiam-few Test SISNR,SimSiam-few Train CL Loss,SimSiam-pretrain Train SISNR,SimSiam-pretrain Test SISNR,SimSiam-pretrain Train CL Loss,SimSiam-round Train SISNR,SimSiam-round Test SISNR,SimSiam-round Train CL Loss
-18.25255305,-13.81920582,-0.383972049,-11.5935157,-8.956647635,-0.481898808,-10.981,-4.001,-0.541,-7.851229329,-2.512469189,-0.561307879,-12.65665005,-3.966032004,-0.527537136,-7.245272361,-1.007100446,-0.54180003
-14.08555198,-12.21500424,-0.35706237,-7.644440836,-7.634043168,-0.459535215,-4.297,-1.573,-0.562,-0.952405907,-1.136255432,-0.649910873,-3.869434439,-1.006603413,-0.549162231,-1.87214233,0.490148959,-0.60139372
-12.64754903,-10.62735449,-0.356925962,-6.79663815,-6.977070313,-0.45675357,-2.585,-0.298,-0.577,-0.018666491,-0.491046047,-0.696431129,-2.071565259,-0.006304578,-0.584039854,-0.693478211,1.110597563,-0.646560794
-11.22553337,-9.308135573,-0.361665398,-6.026607221,-6.354406308,-0.458849742,-1.653,0.345,-0.598,0.654027142,-0.122191229,-0.730321307,-1.310496077,0.472208437,-0.621169424,-0.042701461,1.858066704,-0.686065277
-9.832670152,-8.167401314,-0.364044157,-5.329513319,-5.759717371,-0.461260839,-1.089,1.007,-0.62,1.137961748,0.360439896,-0.750128961,-0.894802225,0.910199686,-0.653911075,0.480778949,2.137937503,-0.715328714
-8.80942139,-6.969289923,-0.357426767,-4.743858291,-5.274370791,-0.464143541,-0.516,1.103,-0.647,1.530843527,0.638848916,-0.768060157,-0.682457092,1.30301314,-0.675143717,0.703123569,2.380128809,-0.738706376
-7.819868892,-6.086886732,-0.359836436,-4.206177381,-4.697792038,-0.466162485,-0.292,1.507,-0.659,1.986531696,1.009659952,-0.788366254,-0.322753475,1.631968121,-0.702124799,1.072016919,2.716015164,-0.762095781
-6.890537158,-5.232239111,-0.361092858,-3.719039109,-4.21576439,-0.462715012,0.054,1.754,-0.685,2.222353697,1.21908811,-0.803063125,0.0555096,2.032802045,-0.722279893,1.369591771,2.87774149,-0.788198058
-6.208971262,-4.647877359,-0.360879046,-3.273841889,-3.762779655,-0.467547351,0.236,2.015,-0.704,2.482381044,1.35640546,-0.820741715,0.49409396,2.181650551,-0.74749778,1.665211007,3.090688034,-0.803970832
-5.702819765,-4.2114042,-0.360485907,-2.749424954,-3.342864675,-0.475340348,0.47,2.163,-0.72,2.665128746,1.715622214,-0.834380546,0.740035653,2.458171289,-0.767566327,1.985427994,3.398132606,-0.821578076
-5.283112779,-3.470545856,-0.358996998,-2.457147644,-3.080373444,-0.47422857,0.786,2.512,-0.741,2.938890219,1.802277671,-0.850965046,0.973220857,2.514048065,-0.78353304,2.11163995,3.556507822,-0.831625951
-4.75711707,-3.236229396,-0.36728827,-2.142049651,-2.697580945,-0.478445032,0.978,2.403,-0.757,3.200606292,2.086275467,-0.862092676,1.2008601,2.491006129,-0.802037118,2.410992797,3.713512437,-0.846219435
-4.427632987,-2.721112841,-0.36201946,-1.858711754,-2.549212,-0.479519534,1.126,2.392,-0.771,3.477613141,2.333207304,-0.872664663,1.399996798,3.016630761,-0.815837212,2.599685788,3.9528754,-0.857333302
-4.044580631,-2.32557475,-0.366906616,-1.756485454,-2.294500064,-0.472028291,1.338,2.641,-0.787,3.556707859,2.552546665,-0.880909081,1.659108911,3.119232859,-0.830466384,2.93282681,4.265038637,-0.866961943
-3.794495031,-2.006224811,-0.361039927,-1.550311988,-2.100774396,-0.47161378,1.406,3.016,-0.797,3.791416114,2.642295097,-0.886567833,1.967034876,3.387454931,-0.84577243,2.985289134,4.304285566,-0.873088563
-3.411338039,-1.768408632,-0.370074159,-1.243027151,-1.905424916,-0.47470171,1.66,2.868,-0.815,4.10462934,2.975050874,-0.894505445,2.161473028,3.530608785,-0.858120548,3.228876814,4.434817358,-0.878637912
-3.197110943,-1.478016037,-0.367069769,-1.086384148,-1.798336636,-0.478199044,1.829,3.229,-0.825,4.324669953,3.079117579,-0.898940234,2.347525455,3.806814126,-0.868039615,3.373862959,4.608248067,-0.883256605
-2.889186844,-1.19122165,-0.369177973,-0.94949903,-1.752295534,-0.476539096,1.961,3.454,-0.837,4.526001192,3.27024981,-0.904824889,2.687345646,3.867954381,-0.879926639,3.552960843,4.747555725,-0.888851045
-2.792732999,-0.932984521,-0.367227307,-0.920871948,-1.639405096,-0.473898529,2.199,3.506,-0.848,4.727897621,3.340208956,-0.909709729,2.914178491,4.064873306,-0.887006594,3.731706619,4.869141507,-0.894877406
-2.438547995,-0.774509498,-0.371801748,-0.796128797,-1.461392252,-0.471961494,2.297,3.693,-0.856,4.892831487,3.595837461,-0.913643351,3.074541546,4.325138009,-0.890868615,3.708749905,4.966580637,-0.895853072
-2.257857442,-0.498039838,-0.37756601,-0.722904655,-1.336633504,-0.474143043,2.453,3.801,-0.869,5.025031736,3.567046089,-0.916241652,3.215050012,4.59377503,-0.894835383,3.973884195,5.10217454,-0.899760554
-2.183532063,-0.349415566,-0.372204877,-0.4861645,-1.263541655,-0.478229849,2.621,3.999,-0.879,5.106148781,3.628017064,-0.919953406,3.512458123,4.689961644,-0.899055576,3.964031622,5.178598976,-0.901635621
-1.984390765,-0.335772817,-0.373218735,-0.470690542,-1.162295629,-0.473766146,2.773,4.047,-0.885,5.179398152,3.625927123,-0.922646801,3.48919744,4.692726096,-0.901916593,4.140446417,5.389488149,-0.906629881
-1.883611429,-0.02500301,-0.372169456,-0.366656407,-1.222076107,-0.472293078,2.936,4.19,-0.893,5.387977385,3.670451347,-0.926384397,3.702925645,4.890600268,-0.905559676,4.16629605,5.225058369,-0.908254428
-1.591789728,0.060588914,-0.379591116,-0.352478604,-0.968056217,-0.472237139,3.079,4.25,-0.901,5.450355991,3.805767062,-0.928000148,3.799545832,4.915710044,-0.90919145,4.219159231,5.379493133,-0.910289928
-1.635742895,0.09452002,-0.372531702,-0.173791858,-0.959991097,-0.475497552,3.21,4.483,-0.907,5.506771088,4.033269547,-0.929826671,3.865205005,4.992334032,-0.910516514,4.393696509,5.280089366,-0.91355335
-1.470728701,0.260039577,-0.373606148,-0.127983223,-0.901035692,-0.472639506,3.309,4.509,-0.91,5.636296672,4.174932806,-0.932232924,4.070860103,5.164702686,-0.914188528,4.377295591,5.471203597,-0.91381699
-1.171092708,0.361737059,-0.385192835,-0.060362355,-0.784268566,-0.471533717,3.38,4.685,-0.914,5.776777283,4.026779069,-0.935368125,4.073545545,5.0916804,-0.915239949,4.470358156,5.394881694,-0.915578729
-1.341211965,0.412028232,-0.376914323,0.041782538,-0.744447526,-0.472382863,3.58,4.691,-0.919,5.785369458,4.048641199,-0.93509876,4.143365234,5.215148977,-0.91717058,4.57208012,5.512529651,-0.918477578
-1.136879843,0.481746797,-0.378837695,0.157083995,-0.700250294,-0.479612673,3.552,4.798,-0.922,5.789754744,4.061779726,-0.936243811,4.270701908,5.381826456,-0.918989884,4.697773874,5.555859816,-0.920846922
-1.087272309,0.539129638,-0.381044234,0.213412332,-0.623323467,-0.476254069,3.681,4.914,-0.925,5.953695097,4.247141434,-0.938030595,4.305389985,5.538392532,-0.920166951,4.680814654,5.732775036,-0.921969473
-1.001698624,0.655257699,-0.381218947,0.212536211,-0.640655165,-0.470810652,3.795,4.953,-0.93,6.005209046,4.226649687,-0.939723478,4.351113327,5.418632762,-0.922403239,4.764016613,5.837890752,-0.922943704
-1.006016744,0.629131492,-0.382175602,0.339501334,-0.506889314,-0.473034881,3.936,5.064,-0.932,6.074984089,4.153134181,-0.940800801,4.488099128,5.552013095,-0.924107416,4.787889421,5.646869397,-0.923691308
-1.109919108,0.710641569,-0.375767726,0.26862873,-0.45057423,-0.466371982,4.054,5.094,-0.935,6.117454729,4.433908759,-0.941324007,4.445196375,5.662260461,-0.923155796,4.897619262,5.945817486,-0.925094541
-0.958944743,0.667417357,-0.377544916,0.464921931,-0.458142706,-0.471823517,4.06,5.193,-0.936,6.163099504,4.372514408,-0.941923099,4.572285406,5.741195432,-0.923612587,5.032336369,5.91616598,-0.928648971
-0.905664713,0.686073648,-0.381945679,0.436812774,-0.421979157,-0.465909981,4.134,5.178,-0.938,6.16176193,4.422214104,-0.941796091,4.63859722,5.842367125,-0.92475369,4.974226281,5.869554591,-0.928034123
-0.810756821,0.703658912,-0.381065087,0.482317078,-0.372349309,-0.465122019,4.294,5.422,-0.941,6.246644897,4.453616781,-0.942540855,4.708298221,5.810950303,-0.927389028,4.954738796,5.946481514,-0.928144211
-0.761185279,0.834059818,-0.381988166,0.503490708,-0.247131551,-0.466103819,4.319,5.32,-0.942,6.287122557,4.415533429,-0.942889648,4.739606336,5.719958663,-0.928408287,5.006991163,5.894262409,-0.928272218
-0.782457747,0.936888568,-0.381125335,0.621650735,-0.160126862,-0.474963445,4.334,5.565,-0.943,6.306218147,4.503479343,-0.942373668,4.822611019,6.101821987,-0.927939326,5.18522428,5.952776726,-0.929724168
-0.77704185,0.991833407,-0.382202638,0.618164764,-0.290133441,-0.466753609,4.475,5.544,-0.945,6.370185621,4.459742476,-0.944788177,4.921972916,5.780213777,-0.929718403,5.06803824,6.008919835,-0.930716801
-0.816423427,0.838824348,-0.377995247,0.67148431,-0.152268655,-0.467748525,4.517,5.649,-0.946,6.369344019,4.549033495,-0.944457152,4.865056455,6.005550345,-0.931328794,5.201381281,5.948859493,-0.931802735
-0.712056546,0.995629581,-0.382633841,0.757150042,-0.157450345,-0.469221945,4.468,5.591,-0.947,6.493988299,4.600471383,-0.945098091,4.949535802,5.931900104,-0.930541076,5.164290637,6.064870238,-0.933073141
-0.696687423,1.057835728,-0.380560068,0.77879087,-0.127671415,-0.467753612,4.514,5.644,-0.948,6.587980947,4.634326752,-0.946264023,5.053519934,6.181813971,-0.932829687,5.248024672,6.142977126,-0.932687342
-0.800129027,1.103424626,-0.377687369,0.830946365,-0.050725929,-0.46628914,4.532,5.808,-0.949,6.58078349,4.624164822,-0.945799301,5.239486814,5.901877284,-0.935031777,5.391712844,6.107601563,-0.934143087
-0.758326462,1.063372863,-0.376619885,0.821770634,0.052786386,-0.467481247,4.664,5.597,-0.95,6.578457679,4.776444191,-0.945332979,5.113979638,6.05732379,-0.934179028,5.366158336,6.293267949,-0.935196063
-0.633715982,1.126204019,-0.379847373,0.798197759,-0.009019763,-0.460232801,4.765,5.818,-0.952,6.709895672,4.618296977,-0.946650363,5.167834535,6.245296645,-0.934987966,5.253111765,6.205216177,-0.934373502
-0.692834087,1.016807638,-0.377533713,0.8787359,-0.007942858,-0.46453196,4.832,5.976,-0.953,6.723994655,4.688947146,-0.945881982,5.174040109,6.178031349,-0.93525051,5.347431496,6.196634785,-0.93479073
-0.470908628,1.087200044,-0.384993521,0.991473429,0.052767824,-0.464262518,4.736,5.938,-0.953,6.730220472,4.832948545,-0.945875393,5.319090009,6.340732654,-0.937054357,5.434224263,6.219017283,-0.935938165
-0.630925819,0.980025472,-0.379859478,1.022129255,0.108546028,-0.46449736,4.896,5.894,-0.954,6.771630764,4.609115863,-0.947336655,5.232125178,6.293469532,-0.936008386,5.460182339,6.210254471,-0.935907677
-0.482423814,1.047445671,-0.38255361,0.9930007,0.073727709,-0.463603167,4.926,5.729,-0.955,6.807081038,4.40797868,-0.946925494,5.29639335,6.166224837,-0.936084175,5.383555889,6.34383113,-0.936283547
-0.477232489,1.116388282,-0.382023991,1.110802872,0.181732252,-0.463165732,4.895,5.909,-0.956,6.976366828,4.610254274,-0.948336503,3.297826006,5.545929567,-0.814217543,3.355876541,5.83204573,-0.821307912
-0.588125364,1.1526029,-0.377403691,0.92520768,0.252576503,-0.455198321,5.093,5.838,-0.957,6.895965115,4.447903747,-0.947877301,4.899178386,6.085808086,-0.762103451,5.032374695,5.948422408,-0.78600168
-0.486661735,1.245690317,-0.382916239,1.099613397,0.238518547,-0.458925662,4.988,6.03,-0.957,7.01327024,4.721643176,-0.948386661,5.288836628,6.354604133,-0.760070879,5.362076625,6.527595949,-0.785892913
-0.447513869,1.248296709,-0.382234062,1.111560672,0.183191022,-0.459652262,5.075,6.051,-0.957,6.979182459,4.66227415,-0.948309604,5.501674056,6.457324974,-0.756344022,5.665381908,6.407676959,-0.78082324
-0.372042224,1.216856092,-0.381546373,1.17584584,0.283734453,-0.462270861,5.205,6.153,-0.958,6.933815818,4.661919859,-0.947782728,5.734718576,6.522446338,-0.749186529,5.774237365,6.461343996,-0.769640552
-0.357946583,1.341106878,-0.382897034,1.195666816,0.350125757,-0.460364009,5.172,6.068,-0.958,6.997418788,4.556884525,-0.947910832,5.897111028,6.638122241,-0.741360893,5.886085123,6.666428383,-0.76040454
-0.528197822,1.209112542,-0.375785704,1.118193664,0.340864792,-0.453401279,5.185,6.141,-0.96,7.013231508,4.755677424,-0.94879629,5.935171083,6.821221375,-0.729637519,5.948371232,6.660040649,-0.749100724
-0.473851514,1.243323365,-0.376596712,1.197674922,0.333234594,-0.455366405,5.198,6.128,-0.96,7.127977187,4.564075797,-0.949226935,6.167472586,6.877030341,-0.727939749,6.116240084,6.742690309,-0.743707053
-0.445543721,1.311633183,-0.372965641,1.236947377,0.289651685,-0.461664782,5.176,6.204,-0.959,7.030033358,4.870305622,-0.948150917,6.266419664,6.826804034,-0.716436671,6.378439739,6.845832976,-0.739608837
-0.425270694,1.251640261,-0.375671532,1.304444382,0.456498677,-0.458219433,5.279,6.231,-0.96,7.062093442,4.970318882,-0.948782915,6.331056789,7.068730831,-0.703445153,6.45010303,6.717409897,-0.728649508
-0.408213354,1.36648731,-0.379568271,1.253678489,0.380363605,-0.456155963,5.252,6.253,-0.961,7.105365076,4.80378847,-0.94975017,6.441374689,6.967614881,-0.697199479,6.480873749,6.918883864,-0.721989579
-0.246208257,1.32400803,-0.382591751,1.218884314,0.541362388,-0.456604573,5.387,6.22,-0.962,7.262989521,4.643764594,-0.950238497,6.472189739,6.861329103,-0.68488371,6.598955244,6.984911545,-0.714386538
-0.258895708,1.339283902,-0.379253559,1.283922741,0.427932511,-0.456788964,5.31,6.228,-0.962,7.13672158,4.80331791,-0.949748618,6.626057744,7.022776834,-0.678384159,6.752795652,6.918485252,-0.708413791
-0.267173257,1.36075372,-0.38020909,1.31685948,0.4330812,-0.45272163,5.4,6.372,-0.962,7.2041907,4.792994867,-0.949523314,6.77573584,7.064039056,-0.669899764,6.751400217,6.949865937,-0.697550979
-0.307569138,1.375346808,-0.380679487,1.368726221,0.542555443,-0.458764103,5.483,6.28,-0.963,7.212102921,4.683176283,-0.949320593,6.802746773,7.193771489,-0.661391582,6.977507085,7.203979945,-0.695380611
-0.270279097,1.434028036,-0.379957578,1.490197478,0.51214764,-0.45972451,5.482,6.541,-0.963,7.288454717,4.959020954,-0.95056837,6.919207528,7.139060489,-0.656220572,6.954851896,7.020614195,-0.68488436
-0.275665568,1.558963356,-0.379248654,1.363352572,0.501063437,-0.455677014,5.589,6.419,-0.964,7.232919462,4.916796347,-0.950422314,7.027515292,7.008118359,-0.645483319,7.138422966,7.211824155,-0.674017919
-0.28691577,1.453771473,-0.380311687,1.297011327,0.649384025,-0.452750565,5.476,6.345,-0.963,7.266433762,4.900940407,-0.949548002,7.004314423,7.39162364,-0.635772267,7.249449939,7.040094988,-0.672528116
-0.243110124,1.405952629,-0.376521897,1.477112549,0.595321639,-0.45805341,5.552,6.371,-0.964,7.312690043,4.765201788,-0.949956921,7.303032383,7.361941083,-0.630234949,7.333572432,7.530659437,-0.664532702
-0.367833205,1.567465327,-0.370084587,1.32045403,0.429094738,-0.451148738,5.573,6.418,-0.964,7.307508915,4.929664463,-0.949985098,7.290785059,7.349276582,-0.616810303,7.406002983,7.461126622,-0.650565026
-0.127146109,1.357621738,-0.38134346,1.38616952,0.595176078,-0.452309186,5.622,6.254,-0.965,7.33661667,5.021185668,-0.950882631,7.469047323,7.351758877,-0.60868218,7.551471427,7.422698903,-0.646530719
-0.304840867,1.529308002,-0.373896666,1.364001812,0.464116703,-0.453603789,5.601,6.489,-0.965,7.407058993,4.837318486,-0.950923987,7.607146755,7.510671775,-0.600453481,7.59508042,7.826787241,-0.634879936
-0.133621655,1.349108951,-0.378809729,1.429094009,0.485750292,-0.453207286,5.577,6.552,-0.965,7.418277694,4.926017899,-0.951155918,7.653583363,7.381620169,-0.591553612,7.774269074,7.518765871,-0.62980582
-0.10165245,1.503059871,-0.37978344,1.548423621,0.489867021,-0.457098863,5.801,6.538,-0.966,7.416164306,5.150526026,-0.951326411,7.806036919,7.616766771,-0.578490134,7.779081643,7.653539673,-0.614280153
-0.109984551,1.42416978,-0.376668674,1.549879103,0.657292425,-0.46008655,5.646,6.565,-0.966,7.392947335,4.844716627,-0.950416103,7.736702234,7.751852878,-0.565912804,7.898858249,7.760252666,-0.605442189
-0.275728174,1.563429009,-0.371864045,1.389801599,0.695803789,-0.450274786,5.742,6.466,-0.965,7.485847181,4.925534968,-0.950861933,7.932686776,7.850158993,-0.562087441,7.971441314,7.935481024,-0.596405722
-0.169244317,1.508502424,-0.376533779,1.431235265,0.592237552,-0.449694559,5.766,6.526,-0.966,7.483124764,4.931755285,-0.95158054,8.074499175,7.768109115,-0.55551756,7.980056703,8.094464835,-0.587495741
-0.091426763,1.581481646,-0.374900293,1.380376722,0.658697637,-0.450798338,5.736,6.579,-0.966,7.415645538,4.943796581,-0.951150744,7.994842708,7.952155415,-0.54003307,8.083670139,8.033498732,-0.581067873
-0.030095032,1.454523912,-0.379064666,1.581632918,0.668310801,-0.456364363,5.821,6.597,-0.967,7.60861163,5.013954919,-0.951968605,7.9805924,7.481957062,-0.53071516,8.210707426,7.455407333,-0.566813473
-0.033757844,1.598643105,-0.377533405,1.600245203,0.704124317,-0.458256063,5.715,6.675,-0.967,7.55219701,4.59665364,-0.951712978,8.150444686,7.870348652,-0.526367471,8.145587176,8.005269321,-0.551458731
-0.020833742,1.619038289,-0.378246178,1.563365484,0.619564983,-0.455446923,5.762,6.704,-0.967,7.420068925,5.071811784,-0.951009685,8.326325715,7.903998812,-0.518357616,8.363709658,7.799773876,-0.545678061
-0.141656446,1.631877718,-0.373732217,1.562744464,0.575207197,-0.450476086,5.904,6.731,-0.968,7.537461265,4.999860512,-0.951432234,8.438638389,8.02105364,-0.513292884,8.306092113,8.031104048,-0.535064893
-0.020993637,1.657738528,-0.374456978,1.560602427,0.606986268,-0.455613675,5.833,6.421,-0.968,7.564432313,4.980486726,-0.950840779,8.308351487,7.969040767,-0.503471871,8.538197264,7.967984176,-0.530350607
-0.088794069,1.714384593,-0.372091861,1.536006497,0.639018674,-0.453303072,5.901,6.446,-0.968,7.570140346,5.013152458,-0.951486132,8.538850069,8.303022297,-0.497665111,8.534083053,8.020682923,-0.51297643
-0.035390513,1.840714301,-0.374139211,1.515017821,0.723335479,-0.447857337,5.91,6.693,-0.968,7.629764849,5.061660031,-0.951502464,8.456355885,8.270887653,-0.488873788,8.545606539,8.274875697,-0.499901594
-0.011237368,1.585757469,-0.37780004,1.545026222,0.674019378,-0.451102475,5.923,6.646,-0.969,7.651533311,5.203927472,-0.95148126,8.627036184,8.270450632,-0.485773123,8.519716173,8.126447288,-0.490931793
-0.02002078,1.574911832,-0.372721363,1.610197386,0.654547421,-0.455877885,5.89,6.676,-0.969,7.658390907,4.892341841,-0.95112915,8.663435489,8.194739302,-0.481029117,8.675212711,8.446650592,-0.484215069
0.017844433,1.604365012,-0.375017342,1.581177633,0.727939044,-0.453498089,5.985,6.602,-0.969,7.633348511,4.954385309,-0.95155317,8.723905563,8.308088517,-0.476746968,8.755707145,8.379620926,-0.47867477
0.119314986,1.634386176,-0.375075556,1.576707146,0.795212176,-0.450687366,5.91,6.74,-0.969,7.695796274,4.934666729,-0.9521555,8.745520473,8.411300739,-0.469785445,8.66096282,8.51192325,-0.46016422
0.07235462,1.375300722,-0.373831213,1.613545512,0.821443669,-0.455233995,5.935,6.812,-0.969,7.736888055,4.997970484,-0.952158145,8.790987223,8.348717864,-0.469401339,8.845782489,8.184023078,-0.458102625
0.064774975,1.627274914,-0.374704815,1.594513816,0.780205124,-0.454811777,6.05,6.767,-0.969,7.656465961,4.897305755,-0.950927123,8.760435581,8.339818517,-0.460889706,8.821276605,8.455044222,-0.44601432
0.034812184,1.614034257,-0.37201687,1.702277522,0.842103256,-0.457106876,6.057,6.827,-0.969,7.738632617,5.080725251,-0.952032445,8.886076093,8.388559699,-0.459838264,8.883654565,8.216187,-0.439980251
0.06813047,1.750044521,-0.373768272,1.59533168,0.725753414,-0.449429636,6.073,6.605,-0.97,7.747339172,4.874952193,-0.951993085,8.880580038,8.23914721,-0.457640881,8.913778722,8.014171402,-0.434792774
0.135660233,1.766077337,-0.373091912,1.639539311,0.686408626,-0.455307621,6.019,6.664,-0.969,7.574535447,5.25025041,-0.951161087,8.898674861,8.309249155,-0.453804452,8.991701871,8.428910915,-0.432365636
0.1251126,1.710278985,-0.376065514,1.730461001,0.817014304,-0.454335728,6.153,6.695,-0.97,7.800719169,5.276911208,-0.951924276,9.030985892,8.196584622,-0.452541313,8.993940145,8.501113002,-0.420336379
0.083657571,1.661858004,-0.371701546,1.606605061,0.825054166,-0.452298815,6.12,6.844,-0.971,7.730964691,5.095714312,-0.9514605,9.022789866,8.391475876,-0.450056511,9.058350146,8.281644527,-0.416900137
0.177814363,1.644635602,-0.373684249,1.626529571,0.789732362,-0.450882559,6.084,6.756,-0.97,7.902432596,4.997543471,-0.953008644,9.02550146,7.925284433,-0.445922094,9.025023818,8.594467672,-0.40722547
0.170257517,1.741556871,-0.37360374,1.615682344,0.890199302,-0.451813188,6.118,6.7,-0.97,7.782220564,5.025866989,-0.95134449,9.030895889,8.400758855,-0.44692431,9.250829399,8.386475301,-0.410858531
0.133190196,1.879743606,-0.3671497,1.716915365,0.800791452,-0.455377587,6.077,6.856,-0.97,7.632237265,5.188508507,-0.950325141,9.179800421,8.484135532,-0.446220319,9.142435431,8.507621479,-0.404067062
0.175781984,1.752614564,-0.372300143,1.5277895,0.794337227,-0.450417777,6.222,6.572,-0.971,7.832492567,5.24213272,-0.953100454,9.258151561,7.942934116,-0.440587791,9.190114319,8.298062611,-0.400168466
0.189839308,1.654244712,-0.372823912,1.68112592,0.879953185,-0.456695111,6.113,6.678,-0.972,7.834709321,5.057805151,-0.952465296,9.232967794,8.554623278,-0.44150291,8.914772063,8.348451138,-0.529906554
0.209015569,1.744285661,-0.370243447,1.643458086,0.799896338,-0.450157472,6.09,6.94,-0.971,7.83958149,5.023219435,-0.952611954,9.374606997,8.432362541,-0.440139475,9.12085712,8.359939313,-0.685954731
0.206288412,1.794088902,-0.368306018,1.695879971,0.806848467,-0.456022184,6.201,6.86,-0.971,7.852880647,4.992294345,-0.952462056,9.327039033,8.169588264,-0.439888891,9.149974376,8.385651755,-0.773942042
0.264608114,1.863501723,-0.372680195,1.75080822,0.744266901,-0.45407896,6.286,6.976,-0.972,7.89165986,5.19641424,-0.95228584,9.327556133,8.76987648,-0.438765245,9.330935299,8.437870852,-0.837841181
0.269235946,1.666793488,-0.372533322,1.648711893,0.860102963,-0.449010629,6.21,6.829,-0.972,7.928048718,5.133925296,-0.952107305,9.335919172,8.304017226,-0.434013169,9.266435772,8.441490006,-0.873794852
0.29045213,1.826728107,-0.373546131,1.732064005,1.032247974,-0.453463825,6.313,6.708,-0.972,7.834344525,5.154459389,-0.951785451,9.356252432,8.879618772,-0.433325978,9.362516791,8.37016689,-0.898622632
0.269798995,1.881264509,-0.372350182,1.829307971,0.78045293,-0.457082464,6.299,6.777,-0.972,7.922947038,5.166756071,-0.951973904,9.566143274,8.471151439,-0.436419781,9.310997933,8.568868017,-0.914162086
0.19965762,1.691504628,-0.371110685,1.699707212,1.005272918,-0.45467957,6.337,6.937,-0.972,7.963150855,5.152610194,-0.952257349,9.522880852,8.828864948,-0.431509563,9.397787362,8.303616794,-0.925368965
0.357368919,1.740175653,-0.375094454,1.759685159,1.056817201,-0.457984795,6.237,6.971,-0.972,7.933264302,5.009023732,-0.951824817,9.511278272,8.580925878,-0.424891847,9.333084315,8.242583108,-0.933685629
0.246531126,1.909325778,-0.36772249,1.682259552,0.809310354,-0.452388525,6.384,6.913,-0.973,7.909821464,5.319351267,-0.951979453,9.554332197,8.379769985,-0.428308439,9.35404557,8.481348546,-0.939091565
0.186867972,1.794647083,-0.367693529,1.804673226,0.851236034,-0.458922545,6.203,6.883,-0.972,8.046590067,4.934051955,-0.951772173,9.514008313,8.638594182,-0.424218045,9.439153969,8.300606648,-0.943740644
0.168771002,1.701382367,-0.368197568,1.716856883,0.810939931,-0.454947533,6.247,6.764,-0.973,8.059656066,5.081819538,-0.951667292,9.604823261,8.766448299,-0.421727912,9.282286465,8.561604849,-0.947898109
0.336816693,1.675700766,-0.368444111,1.769360304,0.911701735,-0.458472022,6.345,6.855,-0.972,7.965279825,5.323346928,-0.95088206,9.675438106,8.450560013,-0.422830558,9.493803263,8.583267315,-0.951239835
0.392003991,1.884181413,-0.371116221,1.732355345,0.957992959,-0.457893143,6.403,6.756,-0.973,8.009957729,4.909640326,-0.95007345,9.621539801,8.818416357,-0.416609217,9.359668195,8.703542034,-0.953492133
0.314828349,1.98731008,-0.368350542,1.900057047,0.892610064,-0.462834302,6.381,6.948,-0.973,8.19873859,5.178109476,-0.950892573,9.618943959,8.848779432,-0.418012964,9.395792723,8.460019485,-0.95530425
0.212682402,1.703849621,-0.367345273,1.801888051,0.957292117,-0.457195672,6.376,6.854,-0.973,8.070928681,5.080680661,-0.950671163,9.741214752,8.419754299,-0.422782932,9.453956246,8.54612236,-0.956015976
0.275115696,1.890631556,-0.367060551,1.857949699,0.957255352,-0.457569929,6.498,6.944,-0.974,8.148916829,5.181819855,-0.95037792,9.787935585,8.562194975,-0.415653152,9.44402346,8.540740363,-0.957962841
0.468250509,2.017038876,-0.375463769,1.907931062,0.917551768,-0.46445911,6.555,6.965,-0.974,8.208658726,4.96372645,-0.950682221,9.847295105,8.437680753,-0.421330197,9.439071357,8.396782422,-0.95852408
0.388353677,2.015331846,-0.367604366,1.812790836,1.033858949,-0.457505226,6.344,6.882,-0.973,8.085027956,4.904247334,-0.950299842,9.893167704,8.698389602,-0.421303481,9.4471457,8.339036711,-0.958526686
0.320654615,1.977054898,-0.367605723,1.870871627,0.899285557,-0.461284146,6.401,7.097,-0.974,8.202639949,5.162551589,-0.950594741,9.820044816,8.604256074,-0.417175731,9.440995693,8.41946067,-0.959515531
0.415599518,1.98445072,-0.370831748,1.944858082,0.939997968,-0.464397951,6.511,7.052,-0.973,8.11930618,5.169529386,-0.949390154,10.02955905,8.508877476,-0.415654477,9.435850412,8.304896331,-0.95982427
0.415604386,1.727642559,-0.37057028,1.800297772,0.900409622,-0.459213021,6.537,6.9,-0.973,8.168289,5.25264056,-0.949790832,9.981743932,8.937079104,-0.408632388,9.301279038,8.499619937,-0.960139623
0.42203543,1.80334662,-0.36894696,1.849004461,0.964762866,-0.460660196,6.575,7.065,-0.974,8.296785401,5.213256765,-0.950459882,9.939812362,8.312334069,-0.408855749,9.499234647,8.275647052,-0.96039265
0.488892703,1.945189387,-0.371004184,2.009124614,0.890695792,-0.467968907,6.482,6.973,-0.973,8.316869966,5.147024205,-0.950896392,9.961674809,8.60451142,-0.405273925,9.512541145,8.531045143,-0.960942132
0.451202741,1.95885525,-0.36547769,1.886204962,1.109470207,-0.463342407,6.458,7.048,-0.974,8.332509348,5.076271735,-0.950194813,10.00206217,8.665824763,-0.403980983,9.353867084,8.524339954,-0.961201724
0.494842464,1.793469808,-0.3678817,1.877071481,1.108366464,-0.461727927,6.506,7.012,-0.974,8.282214949,5.291213306,-0.94993375,10.15345493,8.804455352,-0.409208369,9.382855386,8.648581616,-0.960848531
0.473621329,1.970830011,-0.36518294,1.92151927,1.058466111,-0.463439961,6.566,7.051,-0.974,8.347540609,5.26180554,-0.950478706,10.10771897,8.777916169,-0.402024589,9.426004589,8.499415024,-0.962610696
0.514924685,1.960264113,-0.369348688,2.011877633,1.084750527,-0.466159932,6.65,6.929,-0.974,8.310961739,5.293698546,-0.94981241,10.20348585,8.578636448,-0.405359467,9.318147898,8.344380339,-0.962019142
0.616528386,1.926322181,-0.370758558,1.96867586,1.112554559,-0.465229069,6.687,6.732,-0.975,8.306310669,5.169290701,-0.949048221,10.23722765,8.727888513,-0.411373124,9.4244546,8.538124069,-0.961785186
0.471272196,1.860842646,-0.361336704,1.950476527,0.923533361,-0.464583444,6.574,6.959,-0.974,8.347163708,4.990102394,-0.949305279,10.21152183,8.568979796,-0.406371398,9.564923167,8.401029213,-0.96233896
0.537627485,1.938194694,-0.368171069,1.851009911,1.093143681,-0.461818582,6.743,6.883,-0.975,8.378608919,5.357953211,-0.948417016,10.27292478,8.959523646,-0.397289823,9.439617544,8.362059768,-0.962815072
0.53069554,2.034564455,-0.370264516,1.875224027,1.05548869,-0.462175048,6.741,6.829,-0.975,8.405107975,5.235958993,-0.948398054,10.23728868,8.608390164,-0.395199814,9.501151979,8.432718309,-0.96309269
0.613720316,2.041232157,-0.369986836,2.020974613,1.132950473,-0.466773548,6.736,7.124,-0.974,8.430416215,5.01741509,-0.948763447,10.11480924,9.132871262,-0.396871876,9.551082581,8.230886078,-0.963074667
0.616132418,2.030068942,-0.369333365,2.009196739,1.145582693,-0.468762107,6.605,6.969,-0.974,8.367416643,5.029919488,-0.947760859,10.30789274,8.776181261,-0.400587722,9.453279078,8.471549042,-0.963099165
0.580888967,2.093212708,-0.366738195,1.98853948,1.062468925,-0.46779756,6.651,7.066,-0.974,8.487933728,5.296768257,-0.94941552,10.37062675,9.074312655,-0.392476354,9.438618183,8.293211508,-0.962937107
0.576838591,2.055822043,-0.365756365,2.043584708,1.104662599,-0.471332049,6.736,6.976,-0.974,8.468397356,5.029714635,-0.948040828,10.39449191,8.761333251,-0.39540791,9.483749837,8.418903772,-0.963794526
0.540649023,1.970780973,-0.365928275,2.052398113,1.03966337,-0.469314227,6.692,6.949,-0.975,8.469425201,5.196047485,-0.947484689,10.4931747,8.778196136,-0.392651538,9.296911865,8.443280562,-0.964011593
0.684109196,2.119980506,-0.372167232,2.050238286,1.147796359,-0.467605196,6.742,6.914,-0.975,8.528426386,5.192085639,-0.947392777,10.40647647,8.972464736,-0.387105674,9.464824826,8.313132548,-0.964344362
0.586911189,2.183352257,-0.365821545,2.174695734,1.175611148,-0.473287244,6.721,6.989,-0.975,8.585770022,5.336656198,-0.946962943,10.42245281,9.098728776,-0.388628416,9.419527292,8.389462296,-0.964406498
0.594232081,2.043419742,-0.366289644,2.123483477,1.034436074,-0.471946811,6.649,7.099,-0.975,8.52839916,5.295793185,-0.946453273,10.43370983,8.657915584,-0.395575524,9.466042459,8.80547603,-0.96453204
0.706985997,2.128450798,-0.370278965,2.165270613,1.167888148,-0.472374844,6.792,7.023,-0.975,8.552066865,5.170833208,-0.946717001,10.54778615,8.865441791,-0.384487012,9.453722298,8.296169209,-0.964253394
0.744886163,2.110043494,-0.371599811,2.151083385,1.147702216,-0.474009756,6.819,6.816,-0.975,8.689450264,5.007118365,-0.945729273,10.54422402,9.273481901,-0.386043042,9.398477942,8.535293674,-0.964004859
0.802971974,2.193342718,-0.371196246,2.123506311,1.192445383,-0.473512213,6.769,6.977,-0.975,8.594982424,5.124332005,-0.945285178,10.58005184,8.664829413,-0.390503871,9.405488521,8.37195878,-0.964961765
0.677552285,1.95899216,-0.36775741,2.233831709,1.167515159,-0.475144132,6.867,7.191,-0.975,8.555080983,5.196477534,-0.944898948,10.48671877,8.866547338,-0.387669452,9.403169066,8.620789599,-0.964327287
0.860478877,2.079327358,-0.37111866,2.123372916,1.141174728,-0.473740717,6.868,7.099,-0.974,8.680933122,5.344192192,-0.945583032,10.57911515,8.802297107,-0.388542665,9.481205583,8.715214403,-0.964893727
0.788329412,2.12676013,-0.368435514,2.269535757,1.187520253,-0.481686512,6.75,6.978,-0.975,8.573517846,5.387194926,-0.94591633,10.51919946,8.831923636,-0.38276844,9.495157927,8.611988433,-0.964765351
0.838366753,2.067945609,-0.369015004,2.308627486,1.210126343,-0.479632048,6.936,7.031,-0.975,8.599230489,5.147248026,-0.945210657,10.75781643,9.128991699,-0.389395506,9.43602702,8.326278313,-0.964561081
0.815154277,2.133499659,-0.368946705,2.205889287,1.212143952,-0.476487832,6.916,7.024,-0.975,8.78073194,5.384316264,-0.94518411,10.64851722,9.053370738,-0.383476458,9.419128776,8.473368303,-0.964651713
0.851607013,1.801766997,-0.370017986,2.219716657,1.149648664,-0.472985258,6.902,7.034,-0.975,8.690138386,5.177515091,-0.94540317,10.72281376,8.698629634,-0.381458011,9.531571537,8.261108239,-0.965190092
0.711708905,2.060886015,-0.364264347,2.230594966,1.186302151,-0.473989742,6.968,7.138,-0.975,8.805772043,5.443054736,-0.9449512,10.70937222,8.987472034,-0.375192559,9.555122077,8.369854021,-0.96440584
0.8217322,2.156258084,-0.3678076,2.3576441,1.227873231,-0.483724067,6.922,7.026,-0.975,8.725395572,5.230632739,-0.944728855,10.81050119,8.998192946,-0.378162255,4.191490005,6.65321211,-0.543846706
0.928775821,2.162605624,-0.373904727,2.350288064,1.3738726,-0.481975229,7.015,7.034,-0.975,8.717695759,5.133068254,-0.945560853,10.75130937,8.620948672,-0.376450124,8.531732783,8.255758166,-0.439429581
0.901724314,2.216580676,-0.370365873,2.550811202,1.253597333,-0.489886384,6.929,7.238,-0.975,8.829585537,5.154973289,-0.946713103,10.71413189,8.932856083,-0.37614193,9.061797023,8.647886976,-0.434063081
0.897396172,2.343865288,-0.373084823,2.358754981,1.423236165,-0.481472785,6.924,7.037,-0.975,8.817364016,5.316958984,-0.946620149,10.83440134,9.435112842,-0.379619226,9.367073119,8.295440555,-0.425351385
1.015058447,2.219531043,-0.37399743,2.486037131,1.443023115,-0.493288647,7.053,7.047,-0.975,8.80560395,5.125927089,-0.947030792,10.82541347,9.23703293,-0.377208312,9.494255185,8.758341241,-0.414517644
0.85268481,2.2051145,-0.370121029,2.528194085,1.357300493,-0.488353294,7.057,6.854,-0.975,8.800887477,5.220670564,-0.947879299,10.78265306,9.105750322,-0.379462115,9.48688066,8.28513635,-0.399120179
0.880874562,2.133523257,-0.368523445,2.589941813,1.471462526,-0.493438686,7.058,7.045,-0.975,8.848873292,5.419424962,-0.949195993,10.75198451,8.879970765,-0.372884017,9.491017699,8.381440822,-0.390745525
1.077755616,2.051284412,-0.375489058,2.624241394,1.375701091,-0.498590892,7.04,6.941,-0.974,8.856543018,5.315717597,-0.949394395,10.88414872,9.487640142,-0.378458487,9.553953141,8.525150553,-0.385093567
0.946487139,2.32680492,-0.371258619,2.554188671,1.419848935,-0.492881204,7.018,7.318,-0.974,8.850220219,5.158716176,-0.950294533,10.96382824,8.847838283,-0.376719363,9.515922874,8.635588376,-0.381726539
1.023760443,2.380831997,-0.370501946,2.650095905,1.507148181,-0.495805529,7.054,6.918,-0.974,8.895078075,5.13061353,-0.951627072,10.8658973,9.289200584,-0.375171127,9.682025999,8.844244631,-0.382628852
0.952257977,2.300385579,-0.369266913,2.662018165,1.4646788,-0.496644915,7.173,7.076,-0.974,8.827433986,5.432866486,-0.9505655,10.97745219,9.150154217,-0.376683693,9.724861145,8.899492137,-0.380437784
0.976445243,2.201506474,-0.366775427,2.722271396,1.488703213,-0.501335595,7.115,7.171,-0.974,8.932157332,5.269749336,-0.951880778,10.99554241,8.715344826,-0.37710964,9.655798584,8.511602751,-0.373848335
1.008062196,2.455410601,-0.370634477,2.843601188,1.422502365,-0.504640028,7.247,7.349,-0.974,8.884321551,5.239135297,-0.953546207,11.06339946,9.138375171,-0.381830081,9.675651044,8.527903199,-0.374473821
1.070962422,2.236550286,-0.374069924,2.867645225,1.448969823,-0.501667992,7.079,7.26,-0.973,8.902563833,5.253384404,-0.95408336,11.02469969,8.846869993,-0.381194361,9.679284394,8.637508003,-0.371725336
1.200470775,2.425500643,-0.376097872,2.93003736,1.612956053,-0.509736425,7.292,7.369,-0.974,8.900921391,5.289115882,-0.953272227,10.97077596,8.888279295,-0.380506568,9.71391806,8.626971753,-0.372978934
1.190761774,2.251173979,-0.374598958,2.90781421,1.661423274,-0.507967675,7.265,7.328,-0.974,9.007429923,5.425751787,-0.954082281,11.05932462,9.083820907,-0.378946921,9.889423281,8.531774656,-0.374803998
1.183912011,2.534817915,-0.376196396,3.059314205,1.649669418,-0.514640363,7.303,7.364,-0.974,8.9255017,5.050837181,-0.954701233,10.93363661,9.048492734,-0.385947267,9.852155715,8.179758684,-0.374020456
1.141182396,2.382024294,-0.372750788,2.998520751,1.449036217,-0.513864534,7.211,7.096,-0.974,8.860109206,5.120010881,-0.953976293,11.1781739,9.017838979,-0.383415417,9.947976857,8.785415037,-0.378200205
1.085324802,2.288105429,-0.369817083,3.040140567,1.632980337,-0.511950621,7.268,7.094,-0.974,8.947564771,5.303049838,-0.954155793,11.10727599,8.890422201,-0.374131108,9.864291966,9.013818852,-0.374608801
1.389458068,2.368165413,-0.377664353,2.975288107,1.820282377,-0.510331148,7.222,7.27,-0.973,8.943641939,5.200952284,-0.95537049,11.02930221,9.170815571,-0.366770555,9.922275126,8.771496685,-0.376954733
1.2766055,2.291081945,-0.375467064,3.209453006,1.756410667,-0.52376193,7.18,7.277,-0.972,8.971871899,5.101961231,-0.955273138,10.97977409,8.962766838,-0.367955755,10.05954707,8.834047572,-0.38261895
1.248181071,2.421144528,-0.375405276,3.258100617,1.851650496,-0.522559061,7.181,7.272,-0.972,9.081046689,5.095249956,-0.956002893,11.04493728,8.846341769,-0.366780905,9.925391525,8.671584193,-0.377304574
1.324685001,2.394230135,-0.375829937,3.28547077,1.860059692,-0.521194175,7.356,7.476,-0.972,8.999173718,5.049419235,-0.955265645,11.10018957,9.051294994,-0.36418322,10.13859439,8.497413079,-0.381037865
1.280876847,2.535766002,-0.375482695,3.211096925,1.906926716,-0.517509437,7.386,7.296,-0.973,9.14760768,5.355718646,-0.956006762,11.19109356,9.110124596,-0.368558321,10.15320811,8.675049583,-0.383280083
1.218070373,2.439242771,-0.378914599,3.428781294,1.749597965,-0.526981535,7.31,7.238,-0.973,9.123582286,5.214989891,-0.955727568,11.25252235,9.062177563,-0.370786284,10.11365193,8.599311344,-0.380451769
1.398462083,2.527448001,-0.379506679,3.47931918,1.9970145,-0.527016122,7.418,7.47,-0.972,9.143426711,5.322332814,-0.957076813,11.20667619,9.189632805,-0.368146569,10.1570093,8.775580708,-0.381201686
1.507632006,2.564534177,-0.383940784,3.456215466,1.945147329,-0.530084186,7.405,7.543,-0.972,9.039797967,5.160553301,-0.955473546,11.17590022,9.336445125,-0.365723305,10.1568453,8.694801283,-0.385603684
1.5492808,2.507983433,-0.379601547,3.437444625,2.218664503,-0.529339531,7.43,7.378,-0.972,9.166354395,5.286152128,-0.955184744,11.22158724,9.139277927,-0.370340767,10.19682348,9.165171417,-0.383932277
1.459977815,2.426030187,-0.381203783,3.76247093,1.980821182,-0.540186663,7.44,7.358,-0.972,9.115682248,5.139104903,-0.956894819,11.21050087,9.226738095,-0.36828422,10.17853832,8.844926413,-0.382055105
1.371859542,2.557782383,-0.379574263,3.658636931,2.133505081,-0.537433157,7.337,7.314,-0.971,9.170090398,5.25228221,-0.956363232,11.28062603,8.965188559,-0.369084563,10.12943962,8.635686898,-0.382234684
1.459857993,2.242998337,-0.382367244,3.887612835,2.155091252,-0.543331217,7.461,7.289,-0.971,9.179252378,5.567466272,-0.956127815,11.25678033,8.892137186,-0.370664858,10.16684946,8.544124254,-0.382111172
1.537906164,2.632210702,-0.384310821,3.797287426,2.124807247,-0.54348607,7.607,7.384,-0.971,9.155595379,5.334625041,-0.956792726,11.29774129,9.224332237,-0.37233185,10.22221702,8.889801486,-0.3792417
1.535079094,2.318065052,-0.38021185,3.915286403,2.314247345,-0.544625682,7.511,7.43,-0.972,9.186104036,5.175413936,-0.955756897,11.43403506,8.958750947,-0.36744465,10.29381117,8.994494232,-0.383560756
1.502917591,2.592682021,-0.385785025,3.849025988,2.438145875,-0.545739028,7.492,7.558,-0.971,9.222642991,5.36001409,-0.955904622,11.31929639,9.36433111,-0.357390397,10.36345848,8.771223227,-0.386062507
1.493748153,2.712272005,-0.383753161,4.087770608,2.332157436,-0.548898383,7.637,7.288,-0.971,9.279580455,5.092467166,-0.955712301,11.32930377,8.905132516,-0.369081517,10.35400903,8.613574616,-0.385053654
1.583046835,2.839217683,-0.388637989,3.915380063,2.10972369,-0.546197422,7.645,7.603,-0.971,9.294723203,5.099066216,-0.95759482,11.34749079,8.993069895,-0.37230948,10.40020245,9.084784849,-0.378212354
1.665660746,2.775243475,-0.389875078,4.153577505,2.465814525,-0.553265102,7.612,7.492,-0.972,9.269981969,5.351254558,-0.956792762,11.38143009,9.35289704,-0.364319625,10.39087236,9.138310695,-0.384628228
1.643813614,2.613714083,-0.389042869,4.076720891,2.467249593,-0.54870795,7.591,7.529,-0.971,9.36331549,5.667506067,-0.957023773,11.38022143,8.825322525,-0.370213884,10.41688552,8.913195682,-0.380723085
1.681195362,2.768691425,-0.389973653,4.27731594,2.546133309,-0.553054498,7.698,7.446,-0.971,9.39500215,5.055385396,-0.956551552,11.46724916,9.551569287,-0.364649377,10.42215312,9.089998714,-0.383029223
1.821701001,2.807171191,-0.394367347,4.165245656,2.540237949,-0.551926101,7.603,7.485,-0.97,9.327509819,5.198147323,-0.956211521,11.54927802,9.317258898,-0.363026753,10.48049253,8.694935687,-0.377948326
2.01845865,2.986336132,-0.398177093,4.538671217,2.771511754,-0.553924453,7.765,7.416,-0.97,9.352478273,5.346534314,-0.956134825,11.45400912,8.985190034,-0.363306784,10.55132642,8.944894091,-0.381759477
1.803733617,2.692870715,-0.39634103,4.526536734,2.533031764,-0.561409991,7.694,7.697,-0.971,9.423758876,5.438609755,-0.956821401,11.53394508,8.673733409,-0.368463447,10.53880411,9.122891267,-0.379195706
1.641520526,2.977754001,-0.396379869,4.52997483,2.733579886,-0.564626194,7.748,7.337,-0.971,9.409972622,5.492883425,-0.957525478,11.53729516,9.297660613,-0.365257666,10.57031965,8.683021037,-0.38393633
1.869424704,3.009326275,-0.397174331,4.57941223,2.621781198,-0.562268655,7.737,7.571,-0.971,9.345030108,5.342122018,-0.956981019,11.54730394,9.158138529,-0.365111585,10.57738787,9.239945912,-0.386520225
1.949447116,2.917691443,-0.399948314,4.651932593,2.828321745,-0.564234238,7.759,7.448,-0.97,9.292572544,5.307301125,-0.954528516,11.43050566,9.070634953,-0.370825949,10.45814687,8.923098516,-0.38307525
1.942536544,3.102699018,-0.399463158,4.703750264,2.72922494,-0.564317236,7.771,7.741,-0.971,9.397671853,5.541252455,-0.9549608,11.51521868,8.844382461,-0.363617701,10.71054652,8.854492164,-0.388864175
2.062722888,3.036881576,-0.40351365,4.567661747,2.860519322,-0.560859451,7.791,7.627,-0.971,9.342304722,5.306864749,-0.955316572,11.51241463,9.410189525,-0.362009972,10.72425473,9.062890879,-0.384406825
2.218216963,3.137902402,-0.405592813,4.561652214,2.804380526,-0.564318172,7.703,7.502,-0.97,9.432792233,5.25433833,-0.955203599,11.50407383,8.920998279,-0.36411161,10.61710033,9.232329917,-0.378656929
2.131109536,2.972059005,-0.403069946,4.76918279,3.090059583,-0.564535531,7.818,7.598,-0.97,9.427831588,5.230577528,-0.955139635,11.60645318,9.100269755,-0.366525448,10.69407374,9.146395214,-0.382401021
2.2433163,3.28743709,-0.406630238,4.825300447,2.839783538,-0.56927631,7.796,7.589,-0.97,9.550113555,5.592652557,-0.955787151,11.58137763,8.940546608,-0.367365364,10.85233775,9.505319031,-0.384601155
2.191731751,3.302000582,-0.405949211,4.516576636,2.68323023,-0.568553561,7.849,7.662,-0.97,9.528303546,5.452561883,-0.956352678,11.66762069,9.345382476,-0.370235646,10.06767747,9.026758067,-0.633358148
2.170796737,3.081942721,-0.404380339,4.971441777,3.064203304,-0.569637266,7.904,7.708,-0.97,9.552626641,5.593566444,-0.957139269,11.67194852,9.204552881,-0.375360259,10.82830915,8.925560308,-0.82231826
2.443229236,3.176072641,-0.415836216,4.894993344,2.982380611,-0.567644673,7.992,7.817,-0.97,9.485699377,5.21274301,-0.956708516,11.58508465,8.973761376,-0.372552697,10.88277251,9.321432137,-0.880371843
2.281653896,3.130489012,-0.407746677,4.875456764,2.999492319,-0.567599318,7.902,7.859,-0.97,9.673756015,5.545480531,-0.956433556,11.60699785,8.826462086,-0.361309087,10.9798989,9.189815982,-0.908062411
2.311675549,3.210254733,-0.411812684,5.140843099,3.012436175,-0.575196891,7.924,7.844,-0.969,9.488388185,5.38986744,-0.955511524,11.69467646,8.95152204,-0.359906301,11.04723835,9.087152831,-0.924597858
2.516775347,3.448432905,-0.419626408,5.09194351,3.188498712,-0.57460659,8.006,7.766,-0.969,9.52445867,5.30060577,-0.95414924,11.63752928,9.295128179,-0.358919461,10.97815466,9.190236346,-0.933379762
2.5729893,3.358537162,-0.418530182,5.097026502,3.205378674,-0.576458931,7.902,7.786,-0.969,9.61393827,5.537368283,-0.956020109,11.73085389,8.614435554,-0.370836751,10.96506006,9.14691542,-0.941388024
2.596260615,3.440026486,-0.420388019,4.91989428,2.960062929,-0.578549083,8.087,7.632,-0.97,9.667602478,5.143182779,-0.955769977,11.83320019,8.938638997,-0.367922226,10.9044688,9.068811131,-0.946098888
2.450547803,3.458505287,-0.421638128,4.845433774,3.25434697,-0.577368752,7.979,7.661,-0.97,9.653094107,5.262880811,-0.953428607,11.69376907,8.492063578,-0.372458742,10.95621511,9.215943615,-0.949514717
2.722587559,3.516149052,-0.425040022,5.284808436,3.176351331,-0.573625153,8.058,7.789,-0.969,9.680812282,5.294534424,-0.955558323,11.68829367,9.205017495,-0.368326433,10.90022188,9.324503883,-0.951768028
2.812743343,3.514835926,-0.428040132,5.309239372,3.122121794,-0.57639992,8.007,7.949,-0.969,9.7798006,5.61882069,-0.955480612,11.86251187,9.020468807,-0.372980793,10.96555638,9.122903164,-0.954285564
2.766003773,3.494896732,-0.429031478,5.03102957,3.15967635,-0.574978473,7.978,7.777,-0.969,9.683820601,5.447197178,-0.954460336,11.79459098,9.413367836,-0.364405338,10.95795143,9.173556439,-0.955097301
2.857708208,3.625919849,-0.431762211,5.583413678,3.175480317,-0.57783482,7.902,7.646,-0.97,9.742552419,5.535663389,-0.955420809,11.80738145,9.062203741,-0.371217523,10.93550488,9.11408325,-0.956017509
2.864690498,3.741624145,-0.429656461,5.530130879,3.329493089,-0.583163796,8.052,7.973,-0.97,9.764795642,5.539041299,-0.955080067,11.8004908,9.373685853,-0.373734618,10.90866861,9.09791011,-0.955522114
2.918802716,3.42500602,-0.433071894,5.482090704,3.594181133,-0.58030668,8.051,7.89,-0.969,9.756492461,5.376132265,-0.955862401,11.73756543,9.065634259,-0.369491334,10.86722678,9.264660025,-0.955879934
2.918346435,3.441934617,-0.434877677,5.364338152,3.149078615,-0.580529157,8.117,7.912,-0.97,9.682958726,5.075894934,-0.954618958,11.78249902,9.093965292,-0.370515237,10.98598212,9.226572347,-0.95695929
2.734333804,3.40310849,-0.436425669,5.732990726,3.473522385,-0.584426276,8.05,7.727,-0.969,9.713937852,5.260572683,-0.954776106,11.89026856,9.178502806,-0.370579935,10.96007183,9.070408567,-0.958272949
2.984133348,3.667753738,-0.442865435,5.780852672,3.478841436,-0.580210551,8.13,8.17,-0.97,9.881520733,5.453712005,-0.954324459,11.78053731,9.033288209,-0.355222287,10.97031248,9.097148331,-0.95896876
3.09570796,3.85235095,-0.445252335,5.779889461,3.475127686,-0.585687937,8.075,7.733,-0.969,9.84377375,5.57425691,-0.954419686,11.83973411,9.321357838,-0.36284232,10.92389295,8.981625326,-0.95854542
3.234907568,3.868325365,-0.448053432,5.771512001,3.499629555,-0.586289375,8.105,7.923,-0.969,9.692151777,5.74395371,-0.95278799,11.83118519,8.852243892,-0.370703661,10.83927122,9.102434349,-0.958678886
3.183445267,3.882403469,-0.450623298,5.475980013,3.632648457,-0.582804816,8.051,7.726,-0.969,9.794232922,5.696931398,-0.953880206,11.83696336,8.399881482,-0.358079897,10.95967087,9.175952307,-0.959213885
3.315694898,3.823619461,-0.452930926,5.937760368,3.565607553,-0.58479426,8.196,8.05,-0.969,9.87954715,5.380270576,-0.954603885,11.86112472,9.059196989,-0.360583046,10.78292981,8.909115664,-0.959232692
3.187571682,4.17644097,-0.444407962,6.028855631,3.41116169,-0.588490834,8.133,8.047,-0.969,9.773906062,5.411867373,-0.952713838,11.79979908,8.624686106,-0.360212209,11.01511952,9.094409792,-0.959233006
3.406899825,3.95734721,-0.45656647,6.129823423,3.595768787,-0.588338813,8.121,7.974,-0.968,9.936156704,5.702571189,-0.954646112,11.96538761,9.325373642,-0.369473017,10.95782447,8.817868869,-0.960236607
3.332694776,4.155904071,-0.456693299,6.063033581,3.585451542,-0.591399352,8.252,8.25,-0.969,9.947931966,5.500157688,-0.955063416,11.88052383,9.087082291,-0.360862432,10.93173149,9.284452923,-0.960169436
3.389055684,4.042995842,-0.45518624,5.975345442,3.484007936,-0.583577462,8.135,7.842,-0.967,9.845530695,5.397228051,-0.954092795,11.80504853,8.71152389,-0.359772667,10.95123926,9.067259868,-0.960423501
3.534203507,3.971044823,-0.464729314,6.010683844,3.601429977,-0.586051226,8.244,7.898,-0.967,10.02982373,5.620202988,-0.953650498,11.91072255,9.200970443,-0.358015834,10.92170256,9.120978602,-0.960906412
3.346901491,4.177874756,-0.458517749,6.117954162,3.571323108,-0.58672994,8.161,7.948,-0.967,10.01357026,5.587591659,-0.952703999,11.9289152,8.793152777,-0.358891562,11.02244568,8.909712768,-0.961211313
3.647296682,4.190634525,-0.466211534,6.120608268,3.655644163,-0.59249021,8.283,8.101,-0.967,10.02452324,5.47152725,-0.953292468,11.88074932,9.226083589,-0.360465914,10.95666209,9.108868774,-0.960955253
3.65875788,4.393007497,-0.469869941,6.174834621,3.748360479,-0.586312271,8.251,8.011,-0.968,10.01330394,5.608199036,-0.953534176,11.82887506,9.28454984,-0.351856431,11.01251459,9.061750348,-0.961635103
3.693589032,4.34148161,-0.469416694,6.289380427,3.761594832,-0.593790249,8.213,7.965,-0.968,10.08202147,5.58399469,-0.953559585,11.92952669,8.674042614,-0.357225483,10.96383449,8.765808781,-0.961634725
3.794031471,4.498578437,-0.472472901,6.235078627,3.584292811,-0.59113063,8.222,7.943,-0.968,10.04445264,5.517645859,-0.953697353,11.89079842,8.914417521,-0.355996923,10.97827816,8.923433399,-0.961796394
3.810146034,4.212624188,-0.477553136,6.391642048,3.970850651,-0.589570659,8.248,7.868,-0.967,10.06843025,5.558332492,-0.954566308,11.91963556,8.893243996,-0.359483439,11.03393617,8.87634062,-0.961478192
3.904082432,4.701802921,-0.478276127,6.419857117,3.672447168,-0.588677229,8.318,7.996,-0.967,9.98968472,5.527478883,-0.953771845,11.95569572,9.073675235,-0.347522324,10.97475216,9.103943451,-0.961539477
3.830830671,4.457036507,-0.472181414,6.53388471,3.692563283,-0.593069986,8.345,8.204,-0.968,10.10510614,5.557223767,-0.952442586,11.92390397,8.809374793,-0.358623161,11.17242643,8.959965849,-0.962065104
3.916774139,4.57696594,-0.474146512,6.471741907,3.781116572,-0.591592373,8.46,7.932,-0.968,10.08071146,5.517911958,-0.953766652,12.0857459,9.137588565,-0.35410116,11.00797933,9.095917296,-0.962296186
4.001694106,4.595424112,-0.480920274,6.484259528,3.640371704,-0.593976819,8.361,8.008,-0.968,10.04497282,5.723447626,-0.954078647,12.05673108,8.893715143,-0.356704007,10.97034663,9.186116242,-0.962456472
3.964003593,4.573333693,-0.480048841,6.331300505,3.831518087,-0.587737026,8.356,8.026,-0.968,10.0541579,5.695344245,-0.954593174,12.01087111,8.794284995,-0.362637823,10.99702933,9.150457803,-0.961628672
4.071461216,4.592385892,-0.479738166,6.557477459,3.93710462,-0.590493916,8.347,7.815,-0.967,10.04698999,5.74025717,-0.95386926,12.02862501,8.84885993,-0.349513941,11.10176489,8.951614221,-0.96251666
4.100883707,4.692607355,-0.485487399,6.620533805,3.767599607,-0.593923057,8.349,8.171,-0.968,10.05517673,5.533093976,-0.954258484,12.03084406,9.37255342,-0.348143945,11.00709036,9.100071748,-0.962439563
4.207035966,4.723584588,-0.487980101,6.54460061,3.747519122,-0.587658819,8.324,8.068,-0.967,10.04208359,5.546318222,-0.952835885,12.03640088,9.270333266,-0.351435035,11.08141449,9.177603539,-0.962744812
4.210628338,4.914537704,-0.491700604,6.809828851,3.941551875,-0.591480201,8.363,8.211,-0.968,10.06528233,5.85691563,-0.952196794,12.06725934,9.072774792,-0.353719703,11.03820312,9.057950306,-0.962696254
4.313372806,4.820200034,-0.491724867,6.754454828,3.68683511,-0.589579048,8.401,8.104,-0.968,10.25123762,5.348972436,-0.953578509,12.09868467,8.916186571,-0.354495056,11.1166862,8.867188605,-0.962996395
4.348750681,4.98724486,-0.494720649,6.584173079,3.787815943,-0.58929577,8.374,8.168,-0.967,10.10191831,5.366961047,-0.953191736,12.23610309,9.246484073,-0.353166231,11.02959964,8.86948514,-0.96286398
4.387450427,4.84014132,-0.499088065,6.578626479,3.91182306,-0.59002127,8.411,8.055,-0.968,10.18789537,5.805235967,-0.952381588,12.09942022,9.441300845,-0.356820202,11.01808852,9.104571756,-0.962615486
4.548911646,4.873770773,-0.504522515,6.629481469,4.136941799,-0.591335293,8.388,8.095,-0.968,10.18770018,5.576116746,-0.952551899,12.05783254,9.208657463,-0.352205571,11.09216401,8.948091372,-0.962638607
4.375304207,5.013418019,-0.502151915,6.834205474,3.80698121,-0.591120645,8.392,8.113,-0.967,10.2972182,5.703955734,-0.950638923,12.16438255,8.906263598,-0.353243639,11.15628764,9.039710387,-0.962714693
4.431894533,4.944292418,-0.50072717,6.75937225,3.795905307,-0.58921774,8.433,8.048,-0.967,10.26016731,5.627414213,-0.949417664,12.11643037,8.818954865,-0.348093627,11.11756572,8.951172058,-0.963355461
4.425459981,5.220621101,-0.496994662,6.637798263,3.876484758,-0.588462701,8.492,7.999,-0.967,10.28213215,5.859237615,-0.951343721,12.24908951,9.270237994,-0.351412761,11.16636917,8.928423937,-0.963607358
4.579850376,5.090452647,-0.504092242,6.918096512,3.902360474,-0.589234821,8.5,8.302,-0.966,10.223042,5.389310686,-0.950449457,12.16026735,8.873935509,-0.361040335,11.0934076,9.069890189,-0.963651681
4.631707251,5.081063827,-0.5080919,6.364097734,3.729606279,-0.590962919,8.527,8.129,-0.967,10.26840678,5.582574455,-0.950207289,12.16063038,9.137863477,-0.360599636,3.442146877,6.988587077,-0.545294029
4.706942327,5.150047557,-0.5102002,6.577317222,3.938572525,-0.586787949,8.498,8.188,-0.967,10.26943813,5.494306128,-0.951165784,12.18936974,9.191038489,-0.350415107,8.865145519,8.908861081,-0.381980871
4.566578612,5.172420295,-0.502718863,6.858351031,3.729539608,-0.589296818,8.581,8.181,-0.967,10.29279103,5.661569009,-0.95156427,12.24982896,9.003147451,-0.353848388,10.41159433,9.190394211,-0.349369298
4.782037109,5.130613518,-0.50413894,6.856936839,4.021339111,-0.585479684,8.55,8.17,-0.967,10.43673946,5.755630895,-0.952323948,12.17507938,8.909987601,-0.35822555,10.72471732,9.349420341,-0.338915819
4.748242706,5.251452275,-0.509072899,6.884920828,4.032946788,-0.583709121,8.529,8.234,-0.966,10.35305297,5.683986429,-0.952178917,12.17774072,9.056537461,-0.352949732,10.7466214,9.029931172,-0.333101194
4.747600034,5.277376461,-0.50737312,6.801431825,3.937284482,-0.586112974,8.521,8.385,-0.967,10.26763258,5.541704008,-0.952001133,12.15261269,8.842506798,-0.348862411,10.89698932,9.501904265,-0.335852804
4.77895692,5.231618186,-0.505074295,6.98999248,3.890626202,-0.579373579,8.555,8.324,-0.967,10.32340902,5.323692642,-0.951703693,12.18230352,8.762262575,-0.351105294,10.95478424,9.128857048,-0.344390943
4.875368208,5.350279101,-0.512265834,7.038692428,4.073067319,-0.578658719,8.558,8.16,-0.967,10.30353909,5.619984843,-0.951155359,12.28378168,8.970488326,-0.351025785,10.8295739,8.897231762,-0.34272199
4.933837369,5.428722596,-0.518336051,7.023219816,3.801710699,-0.589113509,8.567,8.188,-0.967,10.33134756,5.666765802,-0.952017388,12.22194731,9.347910881,-0.356853392,10.97787365,9.138472374,-0.345085946
4.974170998,5.318431505,-0.51685067,6.940567893,4.1806877,-0.585299219,8.531,8.215,-0.966,10.39183183,5.493972426,-0.952360705,12.23175976,8.921800931,-0.353340266,10.95095301,9.167075221,-0.350237163
4.965897977,5.475549761,-0.518472222,7.069596506,3.877538345,-0.587221171,8.577,7.862,-0.966,10.30564247,5.50597926,-0.951796326,12.33085048,8.988250136,-0.354238769,10.95263484,9.130509655,-0.355611207
5.051351368,5.443650452,-0.519803788,6.989735065,3.985158872,-0.582317291,8.597,8.139,-0.966,10.43480181,5.689859139,-0.951206186,12.35904425,8.895075544,-0.354481047,11.01691529,9.212598944,-0.360053175
5.040834039,5.259172614,-0.516502529,7.242382911,4.017919181,-0.583184811,8.573,8.14,-0.967,10.47161118,5.683740383,-0.951001788,12.23946342,9.185491188,-0.355309295,11.05396327,8.650295528,-0.361382496
5.06607233,5.422866881,-0.519431452,7.182100742,4.066877496,-0.581225345,8.563,8.23,-0.966,10.44203257,5.534600178,-0.950205566,12.25245869,9.004746199,-0.352690515,11.09385175,9.020005663,-0.367163089
5.137086257,5.54919579,-0.522648224,7.171633951,4.115331456,-0.578166379,8.647,8.133,-0.967,10.33221826,5.151971208,-0.949952347,12.2220391,9.065384603,-0.355187209,11.07983372,9.249636094,-0.368423364
5.069833383,5.52430203,-0.525125539,7.391025774,3.861167549,-0.584689423,8.624,8.375,-0.967,10.52221154,5.517911762,-0.949972783,12.31382224,8.80534304,-0.35464343,11.12372172,9.092562222,-0.37453749
5.097245917,5.405642585,-0.522869413,7.33006665,3.75181586,-0.580753574,8.664,8.267,-0.967,10.46435805,5.508362284,-0.950084381,12.34484059,9.571204066,-0.361369824,11.17241874,9.210978119,-0.367761058
5.203173369,5.457044244,-0.522769643,7.25079638,3.969545968,-0.582291524,8.692,8.308,-0.966,10.47284289,5.519149637,-0.951426791,12.42481545,8.907194463,-0.364246538,11.10887566,9.138408041,-0.373220492
5.178265497,5.893364398,-0.521605509,7.217633863,3.923982888,-0.583210664,8.602,8.101,-0.966,10.42031854,5.739843845,-0.949507271,12.39834818,9.240398264,-0.360252182,11.15980393,9.530100497,-0.370783415
5.144609511,5.538458725,-0.521645906,7.364888191,4.170094748,-0.581607846,8.689,8.359,-0.966,10.57756698,5.57764061,-0.949943175,12.3517189,8.894030515,-0.354553512,11.34671667,9.129886492,-0.373003143
5.255315185,5.684092617,-0.524645777,7.400232807,4.096767034,-0.579121178,8.633,8.439,-0.966,10.49214059,5.884528117,-0.950432797,12.3143256,9.104978458,-0.356783744,11.28871247,9.131868021,-0.371084589
5.323112175,5.783468215,-0.52726417,7.418262943,4.276705699,-0.577569496,8.755,8.392,-0.966,10.60484462,5.701690299,-0.949804531,12.45848715,8.632793109,-0.359306912,11.33294687,9.373352806,-0.368801565
5.339464709,5.787653883,-0.52586107,7.496209498,4.157972613,-0.579370026,8.685,8.107,-0.965,10.44474537,5.547701083,-0.950525355,12.41152862,9.104979444,-0.361633266,11.34489787,9.168612854,-0.374102972
5.439040616,5.735346341,-0.528159522,7.601693476,4.005146219,-0.582118713,8.769,8.385,-0.966,10.62587024,5.702885902,-0.950260408,12.36643401,9.028396535,-0.350357032,11.23717332,9.105261993,-0.382024187
5.363123864,5.54296418,-0.528187919,7.396704028,4.170109206,-0.576606362,8.813,8.211,-0.965,10.45513824,5.493570078,-0.950643061,12.36720896,9.164260451,-0.347052749,11.29449227,9.365140549,-0.38124276
5.495386705,5.917040968,-0.532780508,7.544518548,4.108096565,-0.57984334,8.636,8.234,-0.965,10.53363957,5.468216931,-0.949978946,12.33105212,9.152000682,-0.347052681,11.20139995,9.121098049,-0.374818379
5.525793433,5.721164544,-0.533544624,7.603647555,3.925091635,-0.580594613,8.828,8.317,-0.965,10.66850998,5.563189063,-0.949881233,12.42162812,8.839827124,-0.346722182,11.27083066,9.223128605,-0.367959487
5.362062022,5.738162315,-0.5279634,7.591526877,4.176415551,-0.581929528,8.766,8.134,-0.966,10.58303975,5.53002193,-0.948971452,12.37467083,9.015537349,-0.356475429,11.3854396,9.42804966,-0.375618351
5.554133654,5.705532273,-0.532956241,7.592379493,4.201594435,-0.582270901,8.752,8.176,-0.965,10.60636973,5.839651136,-0.94950893,12.50917396,8.778124905,-0.3543852,11.30123234,9.290536054,-0.370833748
5.56701462,5.903573918,-0.533407651,7.527025284,4.327307707,-0.579658181,8.814,8.153,-0.966,10.55513997,5.260822114,-0.949387254,12.43985251,8.784389249,-0.360018628,11.41764745,9.182419578,-0.375507644
5.547941133,5.85508467,-0.534216449,7.645634067,4.190896066,-0.581123096,8.776,8.21,-0.966,10.73035732,5.518638454,-0.950559076,12.44725201,8.742985352,-0.357994638,11.41885564,9.238892873,-0.381403328
5.699712381,5.756264941,-0.536517145,7.697599719,4.356211682,-0.579903956,8.683,8.378,-0.965,10.69692421,5.744830854,-0.950370987,12.5151459,8.701314322,-0.347094635,11.40750971,9.455565222,-0.372144952
5.574447334,5.756748827,-0.53581934,7.661771128,4.138485363,-0.576412545,8.876,7.866,-0.965,10.66665545,5.616599279,-0.949555501,12.45426193,8.527370803,-0.344796862,11.28706506,8.907671173,-0.364139037
5.534790054,5.595857167,-0.536386421,7.690819756,4.240920095,-0.577999653,8.756,8.27,-0.964,10.62428379,5.767800849,-0.949039102,12.42471039,8.866959556,-0.351893757,11.43488875,9.226291267,-0.367743849
5.555125639,5.912598399,-0.537658501,7.859368355,4.025412221,-0.57864786,8.874,8.161,-0.965,10.70473563,5.48532098,-0.950218451,12.39324659,8.481383801,-0.347490789,11.46399048,9.729625646,-0.366862479
5.528069973,5.961702704,-0.535677424,7.629999315,4.164057523,-0.578094777,8.901,8.403,-0.965,10.66878448,5.635029605,-0.949834749,12.50628188,9.044364015,-0.343428937,11.41911045,9.512370888,-0.361274396
5.60541898,5.961651174,-0.533551706,7.343008103,4.009277593,-0.578442647,8.83,8.192,-0.965,10.62538248,5.37460199,-0.948095839,12.49169904,9.014043736,-0.35601411,11.37746248,9.326146984,-0.363254885
5.689362139,6.042930663,-0.531708705,7.723303133,4.105139242,-0.576305116,8.846,8.293,-0.965,10.73624728,5.540736126,-0.949287978,12.44104749,9.214878734,-0.364391229,11.42953917,9.666917507,-0.370667991
5.720806614,5.96723853,-0.537693905,7.85269565,4.210795021,-0.576754593,8.848,8.199,-0.965,10.73959538,5.886433573,-0.949637053,12.53116393,8.776476582,-0.353583926,11.587035,9.447760089,-0.373412445
5.823506862,5.948232285,-0.539608113,7.802457979,4.107649902,-0.574315186,8.924,8.492,-0.964,10.74910927,5.387292493,-0.949673585,12.56207412,8.778411452,-0.350682461,11.54496562,9.495587953,-0.369085298
5.819961667,5.841679351,-0.544195384,7.845004559,4.213514171,-0.571841275,8.989,8.327,-0.964,10.69937964,5.492247637,-0.94794512,12.50962898,8.648938497,-0.352907349,11.39628303,9.104335475,-0.36378435
5.862276986,6.19809494,-0.539304411,7.937898944,4.204018453,-0.57826171,8.874,8.354,-0.965,10.71327453,5.614378735,-0.950407632,12.54114664,8.812362965,-0.349168563,11.51296216,9.085896603,-0.365576856
5.896911547,5.961683138,-0.539579112,7.894428007,4.148656774,-0.573420792,8.848,8.472,-0.965,10.78348344,5.613455348,-0.949518185,12.64825612,8.809309347,-0.341973554,11.50122207,9.60291489,-0.360728185
5.866704464,6.016953071,-0.540244324,7.842718032,4.162353576,-0.574978525,8.878,8.383,-0.964,10.82060503,5.640780631,-0.948991554,12.59661093,9.145430795,-0.349425081,11.58163387,9.603125485,-0.366297694
5.805038646,6.218812021,-0.540805539,7.828714586,4.258584643,-0.571947384,8.833,8.455,-0.964,10.77910229,5.490683271,-0.948861166,12.57660219,8.815946873,-0.353007032,11.50942424,9.376907341,-0.360267826
5.934143782,6.005159346,-0.540414378,7.948735591,4.21114266,-0.573626457,8.919,8.419,-0.964,10.77175223,5.644060135,-0.94976942,12.53963605,9.356474996,-0.358505094,11.57925206,9.478496957,-0.363909326
5.795885101,5.892216778,-0.538126333,7.72521382,4.067839201,-0.566632236,8.858,8.327,-0.964,10.81440596,5.429492911,-0.948846019,12.55681482,8.711251815,-0.344841741,11.70250767,9.227217778,-0.354975115
5.971303865,6.147718589,-0.540877087,7.956004896,4.119164054,-0.569119717,8.818,8.607,-0.964,10.7305994,5.454706088,-0.949333777,12.57533532,9.14980371,-0.348987883,11.59185299,9.528883171,-0.356591629
6.002810776,5.96623346,-0.545671048,7.988106712,4.10226317,-0.572711683,9.02,8.143,-0.964,10.7522136,5.58979168,-0.949713624,12.52598098,8.910962145,-0.350631773,11.72843611,9.179587118,-0.361054021
6.041464403,6.055924662,-0.546748573,7.915507886,4.17643601,-0.570742111,8.966,8.375,-0.964,10.88895515,5.261281332,-0.948365152,12.62960801,8.937369013,-0.355795577,11.68714669,9.442028737,-0.359739088
6.080008224,6.236504078,-0.544427883,8.025908885,4.125664606,-0.570138983,8.915,8.308,-0.965,10.8506522,5.121318839,-0.947862175,12.59383863,9.027212342,-0.341635746,11.02584234,9.004182466,-0.660090716
6.033433601,6.061667943,-0.544190554,8.060040766,4.365016627,-0.56984702,9.042,8.457,-0.965,10.93023196,5.72326168,-0.946629136,12.65876144,8.798871899,-0.34730888,11.74459079,9.151082214,-0.863849018
6.091278687,6.26705881,-0.549392754,7.66840824,4.144968559,-0.564682518,8.974,8.41,-0.965,10.8952745,5.347778473,-0.948936966,12.64469332,9.141778445,-0.355416266,11.91102749,9.404730558,-0.905685153
6.09715873,6.294252197,-0.549211988,8.23906294,4.056033059,-0.57214545,9.009,8.191,-0.963,10.88038177,5.44319785,-0.948515898,12.65228388,9.494484615,-0.351636868,12.05162194,9.189620948,-0.925518164
6.065471426,6.121634984,-0.54547479,8.105490392,4.346556637,-0.566928069,8.947,8.546,-0.963,10.90777228,5.738448305,-0.946534084,12.64055312,8.998343388,-0.346654161,11.95350251,9.140077098,-0.936287846
6.041210428,6.078903858,-0.546396229,8.115792151,4.327217363,-0.567974573,9.05,8.394,-0.964,10.91931515,5.577847244,-0.947167239,12.54125223,9.464291159,-0.355297339,12.04108107,9.407571324,-0.942813497
6.092812896,6.139206934,-0.548591286,8.17922063,4.150120084,-0.564446665,8.993,8.647,-0.964,10.79157918,5.499300506,-0.946012387,12.59211552,8.668721771,-0.347680238,11.97191989,9.260188945,-0.948282339
6.228576064,6.360282977,-0.547606844,8.132526721,4.222239012,-0.56272086,9.052,8.551,-0.965,10.93163432,5.457066203,-0.945571578,12.60470003,8.992287262,-0.342877988,11.88040334,9.311860379,-0.950375002
6.243970782,6.200552209,-0.549601918,8.139580019,4.01431597,-0.562540183,8.962,8.246,-0.965,10.84497621,5.665115973,-0.946497237,12.67888761,9.218973899,-0.350018903,11.93134952,9.24389929,-0.953087749
6.172069386,6.280186955,-0.549682865,8.185811889,4.208357425,-0.565641134,9.046,8.102,-0.965,10.84322277,5.427866036,-0.948456549,12.69640249,8.596209176,-0.350713042,11.96543521,9.183651487,-0.954400966
6.242551148,6.28810885,-0.553654911,8.275134825,4.327549849,-0.565769309,9.099,8.433,-0.964,10.98954878,5.382870281,-0.949311155,12.5424296,8.883788117,-0.350709167,11.89790377,9.12309192,-0.955217835
6.382914543,6.231968149,-0.556767212,8.214874375,4.355615624,-0.566099642,9.148,8.478,-0.965,10.91325071,5.831510607,-0.949324548,12.65906325,8.601298404,-0.350475065,11.44512233,9.067122205,-0.954840645
6.244273797,6.378790991,-0.553378692,8.33027652,4.273504135,-0.564503574,9.088,8.269,-0.965,10.99084716,5.247381536,-0.948556025,12.64471492,9.14950548,-0.345358169,11.70148501,9.528993265,-0.948870026
6.2257213,6.167463136,-0.552560523,8.170648083,4.192651354,-0.563943123,9.079,8.431,-0.965,10.88092825,5.795803148,-0.946718699,12.70204362,8.804251456,-0.351259959,12.01052964,9.236769629,-0.950220207
6.29064092,6.370870777,-0.553372875,8.28010476,4.343291509,-0.561900356,9.141,8.506,-0.964,10.95294436,5.365252696,-0.948986211,12.59267327,9.017190274,-0.358128359,12.04622144,9.406724278,-0.954067651
6.349351808,6.286425002,-0.554775173,8.36308467,4.216305068,-0.565129317,9.134,8.255,-0.964,11.05362991,5.527614387,-0.948283334,12.7746183,8.774903488,-0.361052635,12.01028883,9.226217294,-0.956339944
6.426194191,6.31521999,-0.556083033,8.333238294,4.426685076,-0.561101494,9.069,8.443,-0.964,11.00579391,5.683030438,-0.947440711,12.81358802,8.916637715,-0.349089007,12.01814944,9.055898118,-0.958118189
6.318290591,6.335275944,-0.552128199,8.241964417,4.126523865,-0.555379614,9.089,8.498,-0.964,11.04157789,5.423116764,-0.946383726,12.69724306,8.921672916,-0.354998401,11.8143439,9.392654769,-0.958668312
6.339816496,6.176946799,-0.557559147,8.396836173,4.011905202,-0.55949637,9.148,8.517,-0.964,10.97440086,5.528831854,-0.947065525,12.74657398,8.4320834,-0.349669197,11.81921262,9.175600036,-0.959111877
6.535640076,6.53289144,-0.560509233,8.36333241,4.263558378,-0.557626951,9.113,8.322,-0.965,11.00186822,5.459887967,-0.948304657,12.78599414,8.952656595,-0.352353369,11.96628144,9.274801874,-0.958592545
6.483349532,6.126013001,-0.559161199,8.366345098,4.182942686,-0.556709789,9.212,8.506,-0.965,11.10125028,5.583592385,-0.948411263,12.77275738,9.052158014,-0.361146634,11.85046688,9.239355055,-0.959233519
6.403137103,6.256266427,-0.559537072,8.370456696,4.202166481,-0.558770124,9.078,8.495,-0.965,11.01267756,5.751310162,-0.948600654,12.81109026,8.646641707,-0.355743312,11.93672198,9.388758151,-0.959569419
6.508738711,6.401277335,-0.562954808,8.398532898,4.17039103,-0.558120176,9.042,8.498,-0.964,11.03360336,5.76896699,-0.947292989,12.77215075,8.920099012,-0.34597225,11.90804353,9.306732615,-0.960625103
6.564382315,6.451767389,-0.561313253,8.374640465,4.071739164,-0.556438081,9.205,8.41,-0.964,10.97437892,5.612686109,-0.947174974,12.772001,9.009503404,-0.354651295,11.88738501,9.482201656,-0.960204534
6.430524588,6.426898448,-0.563712964,8.536059503,4.504375948,-0.557346146,9.166,8.348,-0.964,10.97609738,5.328747196,-0.947400087,12.6269953,8.522656592,-0.347231212,11.9882651,9.394224524,-0.960497869
6.511040911,6.392813238,-0.561795874,8.461156138,4.338384238,-0.554997012,9.157,8.698,-0.963,11.11089636,5.348067869,-0.946959192,12.87449452,8.854177364,-0.350276242,11.9325828,8.926970673,-0.961258173
6.597775042,6.508579389,-0.564196495,8.609870234,4.159268195,-0.557401799,9.101,8.364,-0.963,11.015342,5.477691842,-0.948369749,12.81322649,8.996764731,-0.349442153,12.01115954,9.176427571,-0.961630553
6.44902055,6.44952298,-0.561403167,8.482413353,4.238918489,-0.555676839,9.141,8.435,-0.964,11.10582373,5.342768967,-0.947581368,12.8213506,9.137406675,-0.352731905,12.05345505,9.252783116,-0.961532332
6.604050785,6.481374335,-0.562450927,8.627263238,4.232512175,-0.554798428,9.222,8.408,-0.963,11.15105131,5.776686298,-0.947966951,12.76797011,9.09449567,-0.348933402,11.85368061,9.44533124,-0.961908584
6.620537609,6.591590412,-0.561969172,8.605548566,4.231658051,-0.552895209,9.197,8.817,-0.964,11.08315443,5.437197244,-0.947558345,12.7948319,9.011615245,-0.348279319,11.79311824,9.105504823,-0.961126741
6.635362774,6.496692117,-0.562539024,8.522075345,4.443651886,-0.550948489,9.295,8.834,-0.963,10.99662436,5.51163557,-0.946442304,12.81132546,8.924376814,-0.34688317,11.91974685,9.12617205,-0.961178767
6.658982068,6.383956194,-0.562917845,8.646103397,4.330802669,-0.554610823,9.186,8.218,-0.963,11.0163796,5.204540508,-0.945676446,12.86632657,8.503232638,-0.346172366,12.07224417,9.320684417,-0.96193783
6.625054836,6.435918101,-0.561787715,8.661784357,4.234081486,-0.552259791,9.283,8.602,-0.964,11.21850432,5.520579737,-0.947628262,12.86473191,9.056819407,-0.350153206,11.98896903,9.30484132,-0.961564066
6.706681922,6.486557412,-0.564870864,8.734024663,4.112708579,-0.551711511,9.246,8.677,-0.964,11.17014008,5.450894475,-0.947370131,12.91096026,8.876172066,-0.353660925,11.99448514,8.972375798,-0.961664639
6.68182008,6.445997318,-0.565981179,8.554869436,4.31762548,-0.547444595,9.164,8.525,-0.964,11.21652194,5.578827303,-0.945924476,12.83407226,8.664368089,-0.349290402,12.15305376,9.193643093,-0.962295519
6.692811236,6.605155826,-0.563927403,8.516739815,4.250591296,-0.545905927,9.244,8.708,-0.963,11.12441115,5.355851261,-0.946280078,12.83867612,8.940520477,-0.335619889,11.90064412,9.29359413,-0.962188847
6.844752789,6.454602122,-0.571552498,8.600169828,4.009963853,-0.54571325,9.274,8.618,-0.964,11.19225539,5.491193747,-0.947180502,12.83568209,8.9061644,-0.345449446,12.03617841,9.370956588,-0.962040631
6.753648996,6.499385945,-0.566323351,8.706568872,4.205316085,-0.548947288,9.285,8.614,-0.962,11.22835836,5.774616802,-0.94788205,12.88596693,8.573922316,-0.354779131,11.93888938,9.470070036,-0.961469254
6.62101534,6.544379123,-0.567334617,8.863244087,4.362921849,-0.548582494,9.263,8.482,-0.963,11.15424144,5.353600182,-0.948172131,12.84670189,8.876411661,-0.346788655,12.05730343,9.312343939,-0.961536203
6.661544502,6.557450811,-0.569564939,8.656795563,4.260512479,-0.542257807,9.291,8.48,-0.964,11.26704111,5.236882688,-0.949389681,12.83435017,8.677449036,-0.359185398,11.95118892,9.416590579,-0.961219683
6.665737182,6.76602548,-0.570174897,8.716730149,4.036974433,-0.5443778,9.273,8.731,-0.963,11.30542469,5.363108968,-0.946686604,12.92230958,8.735527603,-0.354909448,12.09900478,9.332450549,-0.9615591
6.911147386,6.546688724,-0.576953063,8.778562546,4.111524259,-0.543361049,9.46,8.499,-0.963,11.10121699,5.454269823,-0.946759582,12.7456654,8.567202886,-0.346309474,12.00289869,9.242968686,-0.961841837
6.917932734,6.514540704,-0.570326919,8.763451607,4.191415379,-0.542216586,9.372,8.633,-0.963,11.2635059,5.51298569,-0.947806056,12.87633941,9.335065659,-0.358862301,11.94324848,9.237884148,-0.961901823
6.850743189,6.616227055,-0.570358165,8.818165841,4.109855126,-0.540973279,9.353,8.497,-0.963,11.29102707,5.687515436,-0.948314186,12.83238015,8.734350753,-0.352810346,12.04301241,9.058564687,-0.962070731
7.022791266,6.561812631,-0.574679172,8.779216366,3.987158611,-0.543628079,9.421,8.676,-0.963,11.19820564,5.601475836,-0.946311587,12.84336054,8.751178789,-0.345288964,12.05095172,9.120089881,-0.962502306
6.882261336,6.594518002,-0.571822032,8.841670559,4.187635358,-0.541286703,9.395,8.326,-0.964,11.22628704,5.31947674,-0.946099056,12.97386771,8.729273748,-0.343600897,11.99445838,9.169303377,-0.962513676
6.885949939,6.791057825,-0.573204679,8.771365443,4.070656189,-0.536051521,9.418,8.791,-0.962,11.18358554,5.282911344,-0.946244869,13.01760632,8.843212557,-0.345318834,11.96030644,9.183335869,-0.963513939
6.850080743,6.729381323,-0.572752366,8.926945533,4.313398451,-0.538370796,9.365,8.758,-0.962,11.22367597,5.770123348,-0.945605668,12.98755777,8.902351292,-0.349175365,11.99284869,9.303956374,-0.964366963
6.929504961,6.676592239,-0.573080638,8.885766829,4.291674263,-0.535216143,9.384,8.55,-0.964,11.28420944,5.586862734,-0.946592204,12.98335451,8.920878561,-0.343420478,12.00190583,9.250940148,-0.963872675
7.003087595,6.696743695,-0.576828333,8.850536885,4.254318204,-0.535946698,9.387,8.64,-0.963,11.26439153,5.782450479,-0.94576334,12.9751437,8.57665449,-0.345419691,12.08003825,9.461176928,-0.964050598
6.939719886,6.597771883,-0.571905432,8.91904914,4.264021774,-0.53767466,9.388,8.8,-0.963,11.25079616,5.339890078,-0.947919586,12.92297664,8.798463488,-0.346328264,8.508477747,8.568950693,-0.579859019
7.104625165,6.676188429,-0.578462761,8.923975268,4.24253629,-0.535338065,9.395,8.422,-0.964,11.24338381,5.662601495,-0.946588337,13.00214863,8.943297863,-0.338462112,11.46953851,9.361556808,-0.332598418
7.024552584,6.683326681,-0.574675338,8.832231429,4.283176421,-0.531581517,9.415,8.699,-0.963,11.24675286,5.438580237,-0.947121611,13.0178889,8.512379169,-0.341614203,11.5867539,9.174753817,-0.286105438
6.980053633,6.674612387,-0.576139502,9.010494171,4.116920276,-0.535292791,9.431,8.63,-0.964,11.19469366,5.538080605,-0.945177286,12.89943382,8.576278631,-0.348323133,11.73515603,9.246456194,-0.313658831
6.895540148,6.69358174,-0.578005971,9.034750231,4.304753367,-0.533056055,9.367,8.654,-0.964,11.21200159,5.622290932,-0.944482567,13.05134138,8.716274699,-0.349892045,11.69296828,9.42283171,-0.322769011
7.097592652,6.742211103,-0.577320479,9.10842191,4.097679569,-0.53108851,9.444,8.57,-0.962,11.33159465,5.628716374,-0.945659324,13.08691868,8.553229292,-0.339883876,11.74478811,9.266435854,-0.332730319
7.104147419,6.985693264,-0.57723734,9.032846881,4.305536025,-0.530005117,9.387,8.586,-0.961,11.35198384,5.208620777,-0.944082004,13.11045709,8.681563218,-0.339511665,11.88101289,9.218403991,-0.347818742
7.094534099,6.594362219,-0.574207218,8.979089829,4.045675669,-0.525865461,9.399,8.878,-0.961,11.41313876,5.809995521,-0.945385483,12.97217503,8.65596784,-0.344317799,11.74574512,9.070066253,-0.347316095
7.034206018,6.706990226,-0.576777652,8.986641822,4.055137378,-0.529248136,9.396,8.427,-0.963,11.3602039,5.709426835,-0.944781401,13.1011205,8.663448707,-0.348859057,11.88678306,9.385069291,-0.355149833
7.067971334,6.995171332,-0.57344166,9.064495856,4.139972024,-0.52620628,9.423,8.372,-0.963,11.41094814,5.603542093,-0.946824454,12.98546621,8.585929227,-0.346937079,11.81386149,9.452194118,-0.360434914
7.170432404,6.786228546,-0.579978058,9.068927519,3.918693245,-0.524979703,9.456,8.557,-0.963,11.37755129,5.329339225,-0.945376465,13.12109825,9.09308811,-0.345455805,11.85990554,9.4980932,-0.35806321
7.075534821,6.814612325,-0.576751148,9.111440105,4.050568135,-0.52642954,9.471,8.684,-0.962,11.37516345,5.464413956,-0.945116249,13.07480165,8.605266444,-0.345216166,11.82462209,9.201197648,-0.354018822
7.256802246,6.827460074,-0.581392566,9.123711494,4.039429567,-0.526802476,9.335,8.727,-0.961,11.45677434,5.325252896,-0.946269902,13.01128265,8.65459408,-0.349263667,11.8641175,9.246929598,-0.349213558
7.10101822,6.803442303,-0.5776092,9.130900783,4.104379115,-0.521810499,9.462,8.872,-0.961,11.41053689,5.439301932,-0.948052229,13.08831209,8.589524261,-0.341647624,11.93641222,9.495684703,-0.348503823
7.363918692,6.879958153,-0.582589127,9.202275184,3.981834006,-0.523472065,9.416,8.638,-0.962,11.36258928,5.678611819,-0.947403419,12.98694575,8.796931529,-0.343118216,11.82921839,9.557605632,-0.345661921
7.151355267,6.962637965,-0.577350138,9.129634949,4.214974995,-0.521244407,9.419,8.94,-0.961,11.40918043,5.465176012,-0.945541547,13.01658112,8.549121896,-0.347137375,11.94227612,9.45809234,-0.359261843
7.302160636,6.964592306,-0.578937622,9.081316733,3.928905955,-0.520666997,9.665,8.743,-0.963,11.38489256,5.436464131,-0.945873678,13.0214403,8.659345587,-0.34036593,11.93739396,9.462448295,-0.352869016
7.301292151,6.916169937,-0.580909224,9.092896492,4.218559666,-0.519736196,9.553,8.514,-0.962,11.37978557,5.454644302,-0.945966617,12.98094705,8.661557126,-0.349738774,11.96237177,9.396537701,-0.351504255
7.250095949,6.88366731,-0.578945672,9.221450652,4.025381193,-0.519302459,9.543,8.581,-0.962,11.42335938,5.315456189,-0.945005334,13.09323022,9.04137884,-0.34925236,11.89698467,9.167291872,-0.356906638
7.219139129,6.919937483,-0.578822883,9.208649174,4.319774486,-0.518162155,9.529202849,8.7850432,-0.961853424,11.51921066,5.290267307,-0.946258858,12.99857369,8.843382597,-0.353778545,11.96638,9.768052983,-0.352003679
7.324854001,6.905214969,-0.581458785,9.159297512,4.145998998,-0.514297507,9.572159678,8.549949876,-0.962770218,11.37926219,5.662547871,-0.945053126,13.1710124,8.372622577,-0.353805688,11.8249208,9.353440324,-0.35055667
7.377053708,6.874735435,-0.585335284,9.315248797,3.984701183,-0.517331486,9.630064398,8.652335747,-0.961913152,11.49809656,5.437135804,-0.945702539,13.05686653,8.727184653,-0.351062401,11.91092753,9.588154403,-0.352124542
7.319317013,6.819561323,-0.584273143,9.119996102,4.028553304,-0.513218897,9.519271165,8.746148348,-0.962358415,11.49649411,5.445721906,-0.946881438,13.11666098,8.704889774,-0.351653891,12.03037381,9.322780816,-0.356662097
7.374839008,6.989622784,-0.58301788,9.281340661,3.979888846,-0.517102547,9.534073949,8.763212808,-0.961899366,11.45270889,5.365411224,-0.945734809,12.97735605,8.705470141,-0.343498554,11.99364632,9.395690107,-0.363795273
7.42981413,6.925095344,-0.588771008,9.320014492,4.241846655,-0.513576497,9.525667816,8.871040765,-0.962175643,11.46604858,5.346119715,-0.944750384,13.13726515,9.026484696,-0.343329113,12.03826097,9.227637728,-0.360778862
7.36358121,6.966366784,-0.588294879,9.401632063,4.044216622,-0.514434678,9.569444537,8.799538859,-0.962877942,11.36133212,5.486702867,-0.943064467,13.1429601,8.333790469,-0.333893585,12.04262045,9.264578319,-0.347778644
7.432476431,6.920034059,-0.584919048,9.344976948,4.176127652,-0.513225343,9.512001425,8.653146974,-0.962542117,11.50464682,5.650321277,-0.945283028,13.16876525,8.454135029,-0.334383771,12.01566511,9.234405533,-0.353854212
7.389585719,6.989708233,-0.582035273,9.25832853,3.956924329,-0.509496469,9.555556625,8.763518707,-0.962733142,11.60386421,5.431224992,-0.944699189,13.10504287,8.967329963,-0.327672815,12.05856562,9.166928816,-0.349054743
7.438815266,6.878011552,-0.587087089,9.428688111,4.040197033,-0.512663505,9.589462787,8.807101878,-0.962621162,11.6037597,5.728436964,-0.944459246,12.98769,8.761273535,-0.337804067,12.11513782,9.230502828,-0.350372639
7.394931778,7.094193157,-0.582743993,9.474651306,4.081978241,-0.507575174,9.687830746,8.635990175,-0.962485684,11.43297651,5.524552712,-0.945687375,13.10716206,8.518060335,-0.342232204,11.99539122,9.252044201,-0.352888727
7.341110513,6.970527299,-0.583192119,9.441811254,4.208902733,-0.50776566,9.681970328,8.775867359,-0.962440787,11.65542516,5.347080668,-0.944928331,13.1030522,8.589503757,-0.343246474,12.10167858,9.221927802,-0.342513916
7.423269108,6.897262637,-0.578797936,9.401154949,4.021807496,-0.50829912,9.677590102,8.6050728,-0.962798923,11.60643267,5.470926154,-0.94605592,13.19123301,8.703769811,-0.344024519,12.10399026,9.214348571,-0.345669189
7.419457197,6.929179955,-0.581774529,9.386713643,4.191534027,-0.503262554,9.628443509,8.641841698,-0.961724954,11.5668762,5.483014533,-0.945576152,13.11076704,8.805777272,-0.339978838,12.14437428,9.66065735,-0.354230056
7.581447169,6.926761723,-0.586408123,9.321822536,4.117563064,-0.501471876,9.697174847,8.821602519,-0.961333172,11.59733698,5.179029608,-0.9449366,13.04820558,8.887488484,-0.339167686,12.15689364,9.394856461,-0.355382634
7.553827628,7.07349445,-0.584889431,9.361998343,4.07147741,-0.50208915,9.684951931,8.645906107,-0.962375745,11.54492763,5.671563245,-0.943792251,13.15881181,8.537249327,-0.348680201,12.28208029,9.543886852,-0.358125877
7.726060271,6.964216415,-0.584880425,9.400894042,3.979136285,-0.500615632,9.677520961,9.018872428,-0.960499655,11.45918379,5.668888828,-0.944334069,13.19006678,8.519354018,-0.335968824,12.06877601,9.427646542,-0.346316653
7.628158152,6.988322361,-0.58519043,9.470791448,4.191868139,-0.500179639,9.692433536,9.023764348,-0.962288136,11.58088176,5.386452323,-0.942757051,13.20081598,8.593712838,-0.352639675,12.31561026,9.534926613,-0.35309409
7.760842949,7.029999669,-0.587072447,9.545412125,4.060953051,-0.503002016,9.696430683,8.645355304,-0.962007422,11.58307202,5.540592458,-0.944898938,13.21927166,8.232753301,-0.340442128,12.15206242,9.297903124,-0.354042694
7.470102534,7.047449692,-0.580225309,9.486947029,4.098794268,-0.501007642,9.701427221,8.775746655,-0.961831545,11.59068821,5.467036722,-0.942908302,13.1653761,8.725447035,-0.343379559,12.21336427,9.240550661,-0.34976645
7.571783602,7.003401081,-0.582593147,9.524639283,4.135737889,-0.497280664,9.661522329,8.537176553,-0.960861178,11.66182032,5.737948678,-0.944496791,13.23598856,8.369458532,-0.353136508,12.17101306,9.485085042,-0.346805548
7.778795972,7.135905385,-0.583722934,9.627834043,4.096638435,-0.497521626,9.628446102,8.779711318,-0.960729523,11.57945688,5.501974421,-0.944779961,13.09400356,8.629148769,-0.343101661,12.2093544,9.514143483,-0.347418151
7.690209702,7.087201397,-0.585485635,9.64782238,3.9453392,-0.497093825,9.666745365,8.569595329,-0.960375004,11.69782989,5.083361678,-0.945041124,13.30124253,8.989609122,-0.349375247,12.2201868,9.290793268,-0.356428237
7.731985435,7.187779641,-0.586200172,9.534277824,4.308962718,-0.491838093,9.641058445,8.864138587,-0.962049671,11.72967431,5.461658496,-0.944590436,13.20346379,8.519697857,-0.342924425,12.2435264,9.340030877,-0.357999356
7.649628252,7.15332524,-0.582160603,9.608175185,4.094366532,-0.495240111,9.70636636,8.831848685,-0.962084057,11.67745532,5.281336194,-0.944813415,13.10866031,9.229755386,-0.330922489,12.08057952,9.349541052,-0.341478764
7.702066213,6.998086047,-0.584090045,9.655865823,3.950945935,-0.493359243,9.798106641,8.593030739,-0.962675439,11.68854566,5.354729449,-0.944887386,13.24624711,8.671596821,-0.33523588,12.15754879,9.206167364,-0.348794051
7.807431951,7.110208106,-0.588403406,9.636859925,4.030349371,-0.491151849,9.709635913,8.590858229,-0.962297918,11.62716619,5.389611049,-0.943905694,13.14043966,8.18598299,-0.338253411,12.22849447,9.365703607,-0.35336178
7.74816072,7.169960427,-0.58111058,9.721687994,3.819897907,-0.491729239,9.806598306,8.730751753,-0.960786322,11.64387617,5.461531915,-0.945792865,13.33026671,8.759949931,-0.344673077,12.25733301,9.564588642,-0.348147985
7.679989502,7.014913813,-0.582123702,9.711135741,4.212605279,-0.489456593,9.778366774,8.732709972,-0.961293226,11.66675435,4.951729245,-0.94603611,13.24220437,8.247024504,-0.338984976,12.27968767,9.256732694,-0.346410496
7.840585485,7.097792784,-0.587650463,9.654547661,4.101132863,-0.485325829,9.793720186,8.491073386,-0.96193378,11.665573,5.332008613,-0.944658764,13.17691681,8.726380356,-0.339708247,12.30569756,9.153227623,-0.360175801
7.807099089,6.88942217,-0.588762671,9.670649498,4.203664416,-0.487257393,9.72420013,8.957637382,-0.962394563,11.55049681,5.306976212,-0.944670637,13.29120502,8.434743651,-0.344057073,12.37699005,9.281417084,-0.361535033
